order_id,product_id,quantity,unit_price
10001,12794,7,490.04
10001,17568,4,81.57
10001,7639,2,37.57
10002,227,10,328.71
10002,1590,5,9.57
10003,14572,5,227.58
10003,8842,5,333.16
10004,12437,10,114.87
10004,9210,7,478.72
10005,8950,5,418.47
10005,8690,9,387.61
10005,19692,3,95.18
10006,17680,6,86.84
10007,15334,4,375.47
10007,13920,3,94.84
10007,1884,3,14.28
10008,11850,9,320.47
10009,869,10,43.04
10009,14788,8,172.12
10010,9670,10,47.31
10010,11837,3,362.08
10010,18558,10,485.71
10011,12007,7,110.0
10011,13887,6,263.58
10011,5455,4,457.2
10011,9510,2,262.88
10012,16635,1,497.68
10012,10844,2,89.32
10012,14250,3,192.61
10012,294,5,271.17
10013,6397,4,200.52
10014,16450,4,229.89
10014,15501,2,163.07
10014,15513,9,313.4
10015,14773,1,464.01
10015,9216,10,306.17
10015,912,2,154.68
10015,906,1,399.91
10016,18231,5,344.45
10016,4266,2,69.44
10017,11012,6,107.22
10017,12020,5,177.94
10017,12986,5,259.27
10017,3939,10,35.73
10017,1917,3,445.92
10018,14118,3,349.33
10018,2598,4,61.18
10018,8808,3,153.9
10019,10093,1,346.56
10019,19047,10,420.31
10019,13188,7,240.05
10019,3266,2,145.8
10020,3475,9,378.91
10020,1422,1,110.8
10020,19601,3,461.16
10020,1083,9,492.5
10020,19010,3,257.06
10021,1226,3,95.86
10021,9578,1,322.73
10021,14989,10,97.03
10021,9219,2,339.14
10021,6224,8,462.91
10022,15528,8,396.71
10022,4726,5,205.48
10022,7027,5,182.06
10022,2864,9,20.92
10022,5032,5,17.89
10023,1445,9,413.81
10023,16914,3,165.08
10024,1205,8,170.44
10025,10551,5,165.84
10025,2810,3,496.0
10025,3651,4,370.69
10025,651,9,303.21
10025,3716,5,99.26
10026,18743,9,9.04
10026,1554,4,216.03
10026,18815,10,493.54
10027,13628,9,5.84
10028,8788,8,47.57
10029,2857,4,326.74
10030,3013,7,97.54
10030,7758,10,114.98
10030,9438,8,114.34
10030,2785,3,114.4
10031,10755,2,311.71
10031,12621,2,464.19
10031,36,5,81.43
10031,8520,5,122.95
10031,16932,7,317.33
10032,5939,3,407.58
10032,10899,5,116.77
10032,6020,10,478.87
10032,6171,1,253.4
10033,8855,4,356.83
10033,1382,9,34.33
10033,19027,5,71.17
10034,17014,1,281.25
10035,9143,2,485.6
10036,14378,7,212.13
10036,14818,10,112.78
10036,4181,5,354.12
10036,6187,3,71.85
10036,13286,1,211.95
10037,18215,4,47.23
10037,18713,10,489.64
10038,10751,1,477.66
10039,10816,4,369.64
10039,7439,7,162.08
10039,13330,1,270.26
10039,8465,8,444.29
10040,12060,10,456.48
10041,1328,5,318.97
10042,10892,1,439.29
10042,18081,3,36.95
10042,6957,8,485.87
10042,10058,6,119.76
10042,19162,10,393.54
10043,2705,6,116.23
10043,17300,4,469.88
10043,17341,8,111.58
10043,11377,7,264.02
10043,1403,4,208.12
10044,5353,10,257.32
10044,15538,8,100.57
10044,19405,7,286.76
10044,9158,6,19.55
10044,3920,8,356.46
10045,16926,8,172.14
10045,19413,8,308.69
10045,1317,4,307.64
10045,11958,5,337.24
10045,4282,7,242.62
10046,8395,4,219.7
10047,17636,4,137.95
10047,9513,3,36.21
10048,14482,5,395.91
10048,7407,2,186.94
10048,1854,4,222.09
10048,9470,10,301.95
10048,15068,8,355.73
10049,11527,9,469.98
10049,2999,9,238.0
10049,4963,6,117.85
10050,10505,1,8.17
10050,10993,2,349.32
10050,4020,5,441.51
10051,16587,9,315.61
10051,4114,8,212.48
10051,19766,4,242.54
10051,9095,6,101.37
10051,17620,9,497.24
10052,14493,1,346.55
10052,1721,2,310.05
10052,4225,2,299.23
10052,13895,10,24.05
10052,11147,2,17.92
10053,14948,10,392.77
10053,870,8,183.14
10054,16,2,89.76
10054,5959,5,312.27
10054,9761,5,164.05
10055,18462,3,293.91
10055,9918,7,312.18
10055,5323,5,369.72
10055,5035,7,337.05
10055,6233,7,235.19
10056,15675,9,321.41
10057,9031,7,189.36
10058,6503,1,80.69
10058,8762,7,238.08
10058,5550,3,234.36
10059,10652,1,218.03
10060,5068,7,20.85
10060,6990,10,254.03
10060,6194,10,456.16
10061,9592,2,224.81
10061,3927,6,246.47
10061,686,2,242.2
10061,5749,7,416.39
10061,5404,6,422.71
10062,14747,5,145.32
10062,19603,2,249.37
10062,10826,2,459.24
10063,14258,9,184.31
10063,5148,9,432.98
10063,2197,6,144.64
10064,6463,9,359.79
10064,14240,6,255.9
10064,7186,7,417.28
10065,960,10,185.61
10065,18196,10,166.33
10065,519,7,422.97
10066,17472,1,87.78
10067,17236,5,349.17
10067,3692,4,342.8
10067,9026,9,51.5
10067,2893,2,60.46
10068,16140,8,82.44
10069,563,4,104.05
10069,15747,5,26.81
10069,17058,9,497.15
10069,12116,2,443.52
10070,2732,2,451.88
10070,19222,7,453.51
10070,1415,1,439.84
10070,4567,6,186.31
10070,8097,5,316.43
10071,3371,7,376.7
10071,2637,1,147.25
10071,3867,3,428.79
10071,18065,4,482.86
10072,8005,2,445.65
10072,5135,2,235.58
10072,8735,8,448.42
10072,4333,9,481.11
10073,12026,1,313.25
10073,6825,10,198.89
10073,16997,4,58.56
10073,13965,2,332.06
10074,1310,1,250.65
10075,19080,4,407.02
10075,2165,8,114.6
10075,13346,1,352.79
10076,5050,3,448.7
10076,380,6,140.73
10077,450,5,336.72
10077,3529,7,430.34
10078,5898,1,417.08
10079,11150,1,253.7
10079,3141,2,18.65
10080,2017,6,321.22
10080,8345,4,395.16
10080,8199,3,237.66
10080,9560,3,100.37
10080,18858,5,369.71
10081,9233,6,247.47
10081,1727,3,172.31
10081,1942,2,445.81
10082,12326,4,82.57
10082,16361,9,57.89
10082,4902,5,129.27
10082,17560,7,27.91
10082,5889,5,255.71
10083,16848,10,202.49
10083,15078,1,106.73
10084,3011,5,318.28
10084,4913,1,440.17
10084,11855,2,377.7
10084,8240,9,169.13
10084,12735,5,122.77
10085,12788,2,493.74
10086,5621,7,111.77
10086,14124,5,68.22
10086,628,4,51.37
10086,2746,2,322.04
10087,19962,6,14.0
10087,12954,4,419.28
10087,7116,4,41.42
10087,13037,5,380.48
10087,2523,6,182.61
10088,7689,1,109.59
10089,2114,9,218.22
10089,8621,4,434.75
10089,2565,3,227.77
10089,16585,5,180.3
10089,19739,10,240.83
10090,7755,8,353.51
10090,12093,9,185.38
10090,14396,3,392.34
10090,13047,10,223.83
10091,6845,10,386.8
10091,8989,6,373.09
10091,6117,6,300.49
10092,17226,2,132.63
10092,9925,5,373.5
10092,9817,6,254.29
10092,7481,1,442.61
10093,3566,7,314.94
10093,3826,10,486.94
10093,367,10,30.04
10093,16115,2,38.77
10094,6517,4,489.14
10094,8122,4,322.31
10095,4456,10,462.73
10096,4927,3,127.81
10096,8419,10,384.71
10096,18697,4,294.45
10096,17248,8,76.59
10097,63,4,468.57
10097,11054,10,244.33
10098,9947,7,300.94
10098,5959,1,312.27
10098,12923,6,421.39
10099,18314,8,131.33
10099,6503,9,80.69
10099,6848,9,423.89
10099,7830,6,53.17
10100,10295,7,62.86
10100,15827,5,438.0
10101,2145,2,150.48
10101,12767,10,16.81
10101,16401,6,395.08
10102,10699,10,85.04
10102,17270,3,47.61
10102,1779,7,439.0
10102,13674,8,320.3
10102,10265,7,184.28
10103,18425,6,230.03
10103,14849,9,327.46
10104,8661,8,254.29
10104,9296,8,6.4
10105,63,4,468.57
10105,18462,8,293.91
10105,10736,1,137.21
10105,14796,3,91.73
10106,10127,9,276.89
10107,4319,8,256.46
10107,13884,8,68.81
10107,3850,9,13.24
10107,10423,4,148.75
10107,1837,4,10.95
10108,19055,10,461.89
10108,5178,1,334.79
10109,19279,9,75.74
10109,6133,6,219.29
10110,7025,9,154.57
10110,14088,7,56.03
10111,11967,9,40.77
10111,5735,8,75.54
10111,19252,6,315.92
10112,15467,7,385.39
10112,7628,5,261.52
10112,15446,10,349.52
10112,1143,7,480.66
10112,18168,6,362.59
10113,9653,6,65.12
10113,15434,7,324.91
10114,12879,10,432.54
10114,5100,6,271.75
10114,5428,3,430.43
10114,17602,4,252.6
10115,10127,1,276.89
10115,679,5,49.17
10116,15817,6,155.13
10117,15079,5,454.4
10118,93,8,402.58
10119,16367,5,365.36
10119,5605,10,319.89
10119,13903,6,121.43
10119,14005,7,180.91
10120,6425,2,436.12
10120,9065,4,349.03
10120,15066,2,326.16
10120,14895,5,411.88
10121,18367,10,350.57
10122,6656,7,454.28
10122,7525,8,174.82
10122,4439,3,28.6
10122,10066,2,371.74
10123,15345,3,80.8
10124,5463,6,96.13
10124,16323,5,166.09
10124,17353,9,171.75
10125,7051,6,37.63
10125,15398,3,206.24
10125,10288,3,473.44
10125,3949,10,222.75
10125,12924,5,13.21
10126,5518,7,124.91
10126,8216,2,194.96
10126,18171,4,25.45
10127,1311,8,261.85
10127,16789,4,337.61
10127,12646,3,19.6
10127,10845,6,315.7
10128,17032,1,444.49
10128,183,1,105.1
10128,14250,1,192.61
10129,5296,8,410.19
10129,11604,9,399.52
10129,2350,6,220.88
10130,15989,5,121.74
10130,7398,3,92.58
10130,6603,4,147.7
10131,1907,1,378.24
10132,1247,7,233.4
10132,13852,3,236.64
10132,5623,7,455.27
10132,917,10,329.9
10133,1845,9,486.34
10134,14315,8,436.22
10134,13223,8,111.53
10134,15687,3,36.46
10134,19436,3,297.99
10135,6740,2,42.37
10135,9307,3,33.98
10135,7746,2,233.07
10135,16633,10,411.01
10135,971,4,351.33
10136,15951,8,490.16
10136,16609,9,17.2
10136,18195,6,251.94
10136,7499,4,173.68
10137,10676,6,217.74
10137,1668,2,308.36
10137,25,1,379.68
10137,17207,1,147.64
10138,2325,3,199.47
10138,12366,2,132.09
10138,8136,8,235.37
10138,16438,2,48.5
10139,7715,10,69.7
10139,6316,5,59.67
10139,850,3,474.01
10139,173,5,139.27
10140,16373,5,71.34
10140,4238,1,35.46
10140,8352,4,461.07
10140,6141,7,236.66
10141,8010,10,352.71
10142,12121,8,119.01
10142,13479,1,374.88
10142,14690,4,331.47
10142,14343,1,109.92
10143,38,8,43.99
10143,12009,9,374.77
10143,9223,2,95.55
10144,3684,6,341.27
10144,16389,7,30.03
10144,867,6,193.81
10145,273,8,31.36
10145,3712,3,121.11
10145,8038,2,24.09
10145,5525,10,492.81
10145,15292,3,426.96
10146,9914,7,289.21
10146,18738,7,429.62
10146,12779,2,336.14
10146,16255,8,398.14
10146,13813,10,224.34
10147,9762,2,367.06
10147,202,6,470.72
10147,4370,8,195.67
10147,8214,3,205.45
10148,2450,2,91.48
10148,7969,7,486.48
10149,3645,5,148.01
10149,4687,10,370.57
10149,18074,8,381.73
10149,854,7,6.44
10150,9849,3,317.92
10150,12077,10,347.39
10150,4203,1,210.96
10150,18750,2,448.9
10151,291,6,9.45
10151,6941,5,387.68
10151,384,9,32.21
10151,8628,10,346.13
10152,6340,8,443.91
10152,14963,4,17.91
10152,12402,6,358.16
10153,18569,2,139.14
10154,711,6,31.34
10154,1933,1,19.74
10154,5974,2,458.66
10154,12291,5,154.62
10154,15333,3,413.79
10155,14752,1,256.05
10155,11527,8,469.98
10155,18892,7,204.72
10156,10720,1,31.08
10156,4837,10,338.09
10157,15125,4,372.17
10157,7331,3,478.41
10157,18827,4,256.88
10157,18972,6,354.32
10157,7696,1,368.79
10158,11314,1,465.85
10158,15276,5,335.14
10158,9656,4,115.49
10159,17361,4,345.01
10159,16832,8,180.57
10160,7786,5,196.79
10160,84,6,251.97
10161,14961,2,112.68
10162,5334,7,494.92
10162,7555,4,35.78
10162,15899,2,158.2
10162,8067,9,265.53
10162,18016,3,443.82
10163,16625,10,198.08
10163,6302,8,401.53
10163,11382,10,226.7
10163,7627,3,267.15
10163,5723,8,423.39
10164,12506,8,351.34
10164,11990,3,464.06
10164,17830,8,109.65
10165,7650,8,415.56
10165,4396,9,144.61
10165,10798,7,152.0
10165,2364,9,359.84
10165,9842,1,150.03
10166,9797,10,246.88
10166,926,8,335.56
10166,8755,1,310.76
10166,17098,9,58.09
10167,13220,7,64.83
10167,6792,5,433.3
10167,6687,9,438.65
10168,542,3,160.58
10168,12549,1,6.96
10169,15755,7,23.91
10169,4785,8,119.58
10169,12443,6,16.16
10169,45,1,422.45
10169,15076,7,187.51
10170,18638,4,96.35
10170,2793,2,165.21
10170,2707,6,210.99
10170,19985,1,90.44
10171,6322,2,481.55
10171,12886,7,356.77
10171,14965,9,171.76
10171,12242,5,219.07
10172,7646,6,92.82
10172,10424,3,299.1
10172,3998,6,245.39
10173,4719,10,330.81
10173,17815,3,29.2
10173,10525,5,101.12
10174,19992,3,499.55
10174,12918,6,491.8
10174,1041,3,263.45
10174,3538,6,464.84
10174,19397,3,83.47
10175,6011,1,269.99
10175,18216,3,117.41
10175,10584,3,218.66
10175,5648,7,489.09
10176,10972,3,478.95
10177,7417,5,259.02
10177,710,1,284.99
10178,17767,8,281.67
10178,9401,4,309.0
10179,11873,3,440.74
10179,5828,2,443.69
10179,11041,10,149.63
10179,6543,10,391.16
10179,16071,1,471.65
10180,4191,4,98.83
10181,11924,8,415.81
10182,520,10,436.71
10182,16151,8,442.26
10183,4072,5,278.71
10183,4300,1,188.9
10183,1166,3,382.24
10183,7522,8,358.0
10184,15504,2,94.29
10184,16269,5,313.23
10184,14347,8,260.3
10184,14751,7,323.25
10185,16231,9,326.83
10185,17226,1,132.63
10185,16017,5,263.78
10185,10623,7,357.45
10185,12145,10,20.81
10186,14826,6,369.79
10187,15805,6,236.93
10187,1520,5,112.44
10188,5561,5,155.35
10188,1889,2,429.52
10188,7182,8,71.45
10188,5221,8,91.9
10189,11253,8,372.32
10189,2458,10,247.79
10190,8271,8,305.43
10190,11928,3,36.45
10190,146,4,284.96
10191,14876,1,167.25
10191,1905,1,481.87
10191,18404,4,120.2
10191,16935,10,175.48
10191,4200,8,218.3
10192,2258,7,397.41
10192,6684,7,329.02
10192,13176,5,45.29
10192,15307,1,290.03
10193,10394,6,492.81
10193,15373,2,328.36
10194,2707,7,210.99
10194,4538,5,365.17
10194,17458,8,298.82
10194,14793,10,379.45
10194,19193,8,437.16
10195,4793,3,61.12
10195,10687,4,149.86
10195,13743,5,407.87
10195,7406,5,202.0
10195,2514,7,366.06
10196,14233,3,36.44
10196,1543,10,480.8
10197,19094,2,278.27
10198,12383,1,194.7
10198,10302,8,452.92
10198,10954,5,344.44
10199,5199,7,316.47
10199,3725,10,25.64
10199,6442,5,446.73
10199,9651,7,210.14
10200,2534,4,457.02
10200,2276,2,412.77
10200,2743,2,142.79
10201,16921,10,178.38
10201,7345,4,362.22
10201,13226,3,189.05
10202,2676,7,11.85
10202,7018,7,246.12
10203,1155,3,357.79
10204,14268,2,116.9
10205,3807,8,91.75
10205,15515,7,282.9
10206,7505,8,157.98
10206,9304,8,19.27
10206,6962,10,157.43
10207,12828,1,221.96
10207,15817,3,155.13
10207,18988,4,328.33
10208,17032,10,444.49
10208,7584,4,272.93
10209,8396,4,273.67
10209,13736,7,457.56
10209,10152,9,402.48
10209,3212,1,174.97
10209,12452,6,172.7
10210,11097,9,97.82
10210,11023,5,74.63
10211,17871,2,382.93
10212,4141,2,215.51
10212,8868,4,383.03
10213,4206,2,302.36
10214,494,4,50.93
10214,11149,9,142.97
10215,1060,10,207.82
10215,12293,8,178.52
10215,7703,2,33.39
10216,1805,8,24.56
10216,3896,5,243.04
10216,6109,7,292.54
10217,12771,7,196.69
10217,11780,8,377.8
10217,19385,1,43.71
10217,1323,9,407.95
10217,4632,9,192.23
10218,1216,9,429.45
10218,7543,9,463.67
10219,19662,4,97.41
10219,7,9,294.53
10220,13706,10,163.14
10220,7924,6,153.22
10220,4604,4,434.41
10221,225,4,459.21
10222,2437,1,154.39
10222,3296,1,409.02
10223,12146,2,499.82
10224,4107,1,28.57
10224,17767,10,281.67
10224,4234,7,278.81
10224,5299,8,307.18
10225,11112,3,22.11
10225,16293,4,372.44
10225,11704,10,190.51
10225,17397,6,142.76
10225,7804,3,472.61
10226,4440,1,176.19
10226,11410,6,82.81
10227,5307,9,119.04
10228,15600,5,311.44
10228,15004,8,47.82
10229,17324,4,332.79
10230,13975,8,396.48
10230,16238,10,325.83
10230,3651,9,370.69
10231,1072,10,150.91
10232,7480,5,335.13
10232,3524,2,418.75
10232,2645,6,323.57
10232,3647,6,293.16
10233,11554,8,424.18
10233,10670,10,332.1
10233,18113,10,11.48
10233,8941,4,63.84
10233,10797,1,289.08
10234,12870,1,183.61
10234,19604,8,471.53
10234,6880,7,389.03
10235,4497,5,64.15
10236,6880,6,389.03
10236,14998,3,395.31
10236,7413,3,79.12
10237,1442,6,146.86
10237,11714,9,498.61
10238,1544,5,189.01
10238,19174,2,22.67
10238,17631,6,373.72
10238,19469,10,169.37
10239,6981,3,159.01
10239,4344,1,50.55
10239,11317,2,226.73
10239,8571,8,474.18
10239,14676,9,213.15
10240,16965,6,456.77
10240,1351,2,39.25
10240,7637,9,330.12
10240,2563,1,273.64
10241,3165,1,100.79
10241,16230,7,426.17
10241,13927,10,303.08
10241,11675,10,146.79
10241,18059,1,36.82
10242,19211,2,25.26
10242,18363,10,351.18
10243,9992,1,17.71
10243,19468,4,57.08
10243,12662,10,431.26
10243,18633,1,152.52
10244,8026,6,212.66
10244,5146,7,114.42
10244,16332,3,283.74
10244,355,1,171.93
10245,3277,1,187.72
10245,3611,6,84.92
10245,9796,8,228.34
10245,7871,8,324.48
10245,6214,1,90.61
10246,14411,1,486.62
10246,9207,3,222.84
10246,12797,3,8.61
10247,15875,6,422.37
10248,4141,10,215.51
10248,11359,2,139.45
10249,19336,9,258.21
10249,13084,9,213.37
10250,3769,6,496.27
10250,4835,5,265.01
10250,11042,7,186.61
10250,16743,8,186.27
10251,19938,2,483.5
10251,16109,10,35.6
10252,750,6,243.65
10252,18330,8,374.29
10252,10067,3,421.51
10253,3044,1,379.19
10253,4843,3,362.36
10254,11443,5,458.89
10254,9906,8,229.46
10254,2870,4,141.7
10254,19860,8,413.91
10254,14624,6,311.13
10255,5611,6,138.39
10255,6742,5,290.25
10255,11621,6,117.18
10256,2978,7,127.4
10257,8481,2,175.81
10257,8021,4,275.55
10257,16191,1,176.78
10257,9676,6,171.39
10257,15695,10,205.0
10258,16299,1,488.85
10259,17784,1,257.62
10259,7858,8,273.41
10259,14439,9,403.2
10259,1358,6,98.93
10260,9981,10,286.42
10260,15182,8,410.37
10260,10019,1,109.18
10261,16873,6,193.28
10262,12731,7,88.41
10262,19125,1,301.74
10262,4092,2,243.81
10263,11438,10,111.84
10263,12479,9,365.42
10263,3478,2,85.88
10263,1540,10,205.43
10263,12736,9,152.31
10264,10716,2,396.46
10264,13106,7,349.52
10264,18339,2,356.19
10264,6717,2,10.87
10265,15864,2,7.0
10265,9039,1,440.24
10265,19967,1,191.68
10266,4377,1,463.85
10266,9617,3,76.48
10266,3292,4,5.2
10267,9003,3,94.94
10267,6994,10,396.61
10267,11814,4,78.55
10267,4233,7,291.05
10268,9160,6,143.51
10268,9782,2,86.3
10269,4930,10,357.42
10269,2965,7,212.04
10270,2727,3,72.5
10271,15165,1,200.62
10271,14880,9,177.35
10271,9293,1,26.02
10271,10317,3,319.96
10271,14013,3,309.59
10272,3299,6,108.36
10272,1825,8,193.18
10273,17814,4,464.06
10274,12582,2,372.58
10274,3851,3,399.54
10275,4420,8,312.45
10276,8378,4,293.04
10276,4292,7,325.02
10277,14577,10,434.04
10277,2542,6,132.37
10277,2027,9,55.78
10277,9367,5,336.94
10278,4738,7,153.06
10278,8028,1,490.33
10278,8793,9,180.95
10279,6557,3,416.9
10279,1133,1,386.17
10279,1856,7,214.52
10279,2786,8,387.06
10280,16212,5,94.64
10280,17804,1,11.01
10280,7486,8,311.64
10280,13016,10,80.02
10280,18633,7,152.52
10281,2291,3,272.88
10281,6262,2,333.31
10282,12620,4,194.11
10282,4008,7,249.67
10283,7719,7,314.59
10284,6773,5,468.26
10284,3154,6,353.12
10284,4777,4,130.04
10284,8602,6,490.35
10285,10209,6,404.57
10286,11672,8,305.14
10286,11137,9,191.26
10287,1490,5,386.71
10287,14874,6,172.64
10287,4651,4,475.3
10288,6290,4,9.45
10288,2737,2,424.8
10288,1827,7,147.83
10288,19510,8,129.0
10288,1370,5,469.04
10289,14816,1,361.17
10290,11573,2,37.32
10290,5709,4,92.39
10290,4594,10,391.9
10291,16359,3,9.91
10291,18538,9,484.4
10291,18813,4,326.15
10291,19016,5,397.15
10292,5079,6,484.57
10292,17228,5,251.8
10292,5246,7,66.57
10293,1411,10,321.49
10294,14715,8,42.17
10295,8257,10,191.82
10295,10389,9,5.57
10295,8923,4,475.97
10296,639,4,256.22
10297,15283,8,400.05
10297,6950,10,192.04
10297,8270,2,268.69
10297,1657,6,428.6
10297,4678,5,167.89
10298,13814,7,468.22
10298,9827,8,305.01
10298,5609,5,36.78
10299,9436,8,312.67
10300,14140,3,432.92
10300,7409,7,18.9
10301,1804,2,486.47
10301,19406,1,32.42
10302,1658,7,277.06
10302,6250,10,48.75
10302,6975,3,129.62
10303,3238,3,397.27
10304,14027,5,427.73
10304,8037,5,498.25
10304,16921,9,178.38
10305,6383,7,175.4
10305,19188,1,232.7
10305,16674,6,296.62
10306,19570,5,260.09
10306,5814,4,108.79
10306,11432,3,69.71
10306,15911,2,251.88
10306,19631,10,364.44
10307,4827,3,160.33
10307,6482,4,461.34
10307,14536,10,332.7
10307,19156,10,415.83
10307,16023,8,366.49
10308,2069,10,188.92
10308,11634,7,77.59
10309,7656,1,232.81
10309,17234,8,425.92
10309,8544,8,316.46
10310,5929,9,79.64
10310,9456,1,56.24
10310,5757,8,369.25
10310,7069,3,279.14
10311,2643,2,392.8
10311,10241,8,351.38
10311,16250,9,325.22
10311,2483,10,488.62
10312,4465,2,236.77
10312,14037,9,445.24
10312,8426,1,131.71
10312,5110,5,23.63
10313,19147,2,55.9
10313,18642,4,36.84
10314,4565,7,331.14
10314,18807,5,404.9
10314,17684,4,213.12
10314,5487,2,323.89
10315,8681,3,120.82
10315,951,9,210.66
10315,9083,1,254.19
10315,2620,6,317.71
10316,18016,10,443.82
10316,5985,10,214.64
10316,12887,8,264.34
10316,15804,2,245.88
10316,8734,6,167.54
10317,9201,8,284.22
10317,2349,4,319.05
10317,4301,2,372.94
10317,11144,9,81.9
10317,19678,9,428.82
10318,10636,5,337.72
10318,19769,4,108.75
10318,13894,4,164.41
10318,9450,9,451.7
10319,19054,4,147.82
10319,15193,5,476.71
10319,18238,2,13.95
10320,526,4,420.15
10320,3589,2,85.2
10320,17589,3,487.84
10320,11406,10,285.53
10320,5506,4,147.07
10321,2636,9,241.12
10321,7755,7,353.51
10321,1813,7,457.79
10321,13839,7,212.02
10322,1159,9,22.76
10322,10175,7,448.74
10323,368,7,269.85
10323,2784,2,73.48
10324,8055,10,408.47
10324,18623,3,418.7
10324,8122,5,322.31
10324,6513,1,330.67
10325,14010,4,323.75
10325,19653,5,215.96
10325,16786,6,45.32
10326,14368,6,330.24
10326,6411,7,248.06
10326,18555,7,92.98
10326,18917,10,35.48
10327,5879,8,363.06
10328,16079,2,391.62
10328,12001,9,84.14
10328,12379,2,207.17
10329,10963,10,214.95
10329,7733,10,154.26
10330,9361,1,307.27
10330,19633,3,344.35
10330,13295,4,32.47
10330,11065,4,360.26
10330,6115,9,217.98
10331,8627,9,86.26
10331,17280,8,305.13
10332,9761,3,164.05
10332,14567,2,300.7
10332,14843,3,160.9
10332,9384,4,261.61
10332,17981,10,263.84
10333,9908,4,66.29
10333,6400,4,416.87
10333,4938,3,497.59
10333,8837,1,349.44
10334,4594,3,391.9
10334,4072,3,278.71
10334,1690,7,193.52
10335,2516,9,294.94
10335,19930,5,144.96
10335,4843,3,362.36
10335,6234,4,366.32
10335,3985,10,490.91
10336,9779,3,28.18
10336,858,5,210.4
10337,18593,8,136.12
10337,18376,8,201.79
10337,13114,3,277.08
10338,18952,5,68.16
10338,8881,5,24.86
10338,7729,7,458.76
10338,1049,7,415.26
10338,14798,9,462.03
10339,18046,2,486.15
10340,19359,7,442.23
10340,2748,1,154.49
10340,8044,8,229.31
10341,15236,5,393.2
10341,6498,8,446.4
10341,7557,4,295.12
10342,8642,4,465.78
10343,10604,5,286.68
10343,4469,7,127.11
10343,1001,8,413.78
10343,14311,9,41.13
10344,18519,5,255.28
10344,3776,4,204.46
10344,11013,1,274.27
10344,19644,5,158.73
10344,19863,2,290.23
10345,12770,2,21.32
10345,10050,9,185.58
10345,2619,2,108.71
10345,11483,3,363.89
10346,14152,8,443.93
10346,5493,2,332.38
10346,14833,5,494.03
10346,12327,6,380.22
10347,6189,4,87.02
10347,14483,1,92.86
10348,11318,8,185.5
10348,12333,1,303.73
10349,10914,5,229.9
10349,3540,5,201.29
10350,19979,1,167.01
10350,2779,10,492.35
10350,19566,2,308.27
10350,14888,2,250.58
10351,6376,6,60.28
10352,19030,10,409.96
10353,8512,5,330.04
10353,19152,2,132.33
10353,18618,10,490.11
10353,15263,3,58.34
10353,19126,2,76.21
10354,3765,7,174.95
10354,15487,3,256.47
10354,3066,7,250.47
10355,19166,10,170.24
10355,19984,4,231.86
10356,12547,5,441.42
10357,9135,10,183.01
10357,13941,7,71.82
10358,8794,7,430.46
10358,11487,9,76.15
10359,17724,8,400.66
10359,13740,1,142.65
10359,3097,5,405.85
10360,17845,3,83.77
10360,8415,4,308.98
10360,11352,5,350.44
10361,1664,5,476.78
10361,7723,9,211.43
10361,14610,4,283.67
10361,1466,3,374.13
10361,11222,6,403.07
10362,15279,8,343.95
10363,4700,3,422.01
10363,2497,10,366.29
10364,4527,3,97.67
10364,6701,1,45.34
10364,287,10,88.08
10364,1010,6,327.99
10364,15716,10,399.79
10365,4314,1,415.72
10365,16338,8,81.46
10365,16368,4,496.16
10365,8307,1,427.5
10365,19040,8,270.62
10366,9953,5,492.73
10367,5485,1,348.42
10367,9529,5,379.8
10367,8207,5,48.28
10367,11284,4,301.64
10367,705,4,204.33
10368,12607,8,9.1
10368,8768,9,412.69
10368,6600,3,239.97
10368,11316,7,246.06
10369,11752,3,158.78
10369,17446,10,396.08
10369,9992,6,17.71
10369,777,7,459.13
10370,916,8,433.87
10370,7169,4,266.58
10370,640,8,269.66
10370,4921,6,169.19
10370,6999,7,123.0
10371,7661,1,82.36
10371,11271,1,202.09
10371,16595,7,447.84
10371,3316,1,175.58
10371,15869,4,333.47
10372,16923,9,340.84
10372,19857,4,162.43
10372,2369,9,316.49
10373,9283,4,22.34
10373,11605,6,67.2
10373,2740,4,371.09
10374,13018,5,271.03
10374,5877,6,21.9
10374,3456,9,203.91
10375,6443,9,480.49
10376,7788,1,236.1
10377,14904,6,179.16
10378,4871,6,240.83
10378,564,5,109.42
10379,8105,8,9.47
10379,17950,4,475.86
10379,4374,8,297.5
10379,19350,4,142.94
10380,17635,2,48.77
10381,9572,2,173.89
10381,8243,1,34.46
10381,14700,8,392.55
10382,3088,4,92.1
10382,17796,9,499.04
10382,8479,2,411.15
10383,13626,2,362.13
10383,9513,8,36.21
10383,16606,3,397.77
10384,11273,3,93.33
10384,8947,5,154.17
10385,4287,9,185.79
10385,15531,8,59.48
10385,12544,6,34.57
10385,7960,9,178.5
10385,7899,8,39.11
10386,6426,3,16.18
10386,17083,2,162.6
10386,14600,8,415.55
10387,1098,8,272.29
10388,19968,2,342.08
10389,3322,3,251.04
10389,8622,7,434.82
10389,1682,10,160.04
10390,5008,8,350.69
10390,3095,5,54.73
10391,11084,5,20.4
10391,105,9,271.77
10391,9442,10,77.54
10392,9450,9,451.7
10393,10148,1,157.58
10393,44,7,271.53
10393,9430,2,187.03
10394,17101,6,104.58
10394,3296,7,409.02
10394,10853,3,474.48
10395,12148,3,110.02
10395,6660,7,7.37
10395,18617,10,89.95
10395,7745,6,305.43
10396,9997,9,42.31
10396,577,5,316.15
10396,5058,3,455.22
10397,3615,9,157.6
10397,19770,1,20.54
10397,17987,6,173.67
10398,16436,8,154.28
10398,262,3,424.22
10399,4417,8,218.11
10399,14917,4,168.47
10400,15686,5,116.07
10400,15330,1,43.42
10400,3958,10,294.29
10400,18338,7,240.89
10401,19505,6,250.11
10401,8451,9,153.88
10401,17179,7,319.89
10402,1207,7,280.91
10402,13492,5,272.64
10402,13481,10,14.8
10402,13772,3,403.2
10402,10234,1,381.48
10403,10814,3,37.71
10403,10043,5,479.24
10403,209,7,433.5
10403,19080,4,407.02
10404,12255,9,152.9
10404,4209,6,48.09
10404,17941,6,141.99
10404,10677,1,358.76
10404,8877,7,246.9
10405,7491,9,303.54
10405,17000,6,185.22
10405,16653,8,204.52
10405,5266,7,181.79
10406,461,4,142.73
10406,15101,9,324.75
10406,6411,8,248.06
10407,17166,1,163.12
10407,2038,7,46.3
10407,9710,6,425.98
10407,12012,8,432.67
10408,989,2,282.87
10408,19998,3,490.23
10408,5755,6,416.28
10409,7606,9,317.42
10409,13610,6,10.61
10409,3988,5,90.83
10410,3882,4,193.04
10410,8828,4,282.86
10410,812,3,148.58
10410,16529,7,405.51
10411,1794,4,227.51
10412,4339,3,223.09
10412,16350,8,124.13
10412,16054,7,283.13
10412,10689,10,73.0
10413,9652,6,409.38
10413,14872,3,9.07
10413,1227,4,435.7
10413,6217,6,302.37
10414,5845,3,290.36
10414,6188,7,237.07
10415,14811,8,322.37
10415,8791,7,208.17
10416,4271,2,333.35
10416,2873,3,226.97
10417,8342,2,150.43
10417,10217,8,425.89
10417,8314,7,258.39
10417,14718,1,482.23
10417,7181,1,313.79
10418,14888,2,250.58
10418,9562,7,377.32
10418,16561,1,35.23
10419,214,5,56.23
10419,14335,6,7.68
10419,11668,7,149.16
10419,7115,8,241.8
10420,15647,5,76.45
10420,14168,7,370.45
10421,12841,4,163.61
10421,12632,10,256.27
10421,2634,5,245.32
10421,14679,2,443.06
10422,15694,10,114.62
10422,4846,2,420.61
10422,920,3,395.87
10422,10171,8,210.04
10422,18780,4,41.55
10423,16919,9,312.8
10423,15847,2,235.07
10423,11618,7,125.52
10424,15981,3,18.77
10424,13734,1,53.36
10425,19009,4,335.21
10425,11891,6,493.75
10425,19767,6,234.6
10426,5324,6,331.99
10426,9983,9,218.78
10426,17824,4,183.77
10427,5891,1,344.0
10427,6885,8,143.39
10427,13306,8,391.16
10428,18879,6,385.14
10429,10087,7,175.4
10429,1810,10,396.17
10429,2834,7,305.13
10429,11479,8,40.87
10429,4561,4,292.25
10430,15266,8,385.0
10430,8520,3,122.95
10430,12617,9,246.72
10430,7548,1,385.54
10430,2845,7,379.71
10431,7933,2,234.6
10431,14943,2,228.26
10432,1810,9,396.17
10433,12713,3,31.05
10433,13882,3,150.62
10433,1420,3,110.27
10433,13758,2,105.76
10434,18584,8,184.98
10434,19650,2,454.74
10435,17050,5,145.77
10435,9157,10,444.31
10435,13657,6,436.57
10435,618,6,466.45
10435,14119,4,200.67
10436,17651,2,158.61
10436,1559,2,252.9
10436,14878,5,39.29
10437,15447,5,415.35
10437,19752,10,252.65
10437,16759,9,393.72
10437,9577,10,474.03
10437,1657,1,428.6
10438,15740,10,101.26
10438,12492,2,87.67
10439,13361,7,209.22
10439,14692,9,26.09
10440,14837,8,343.98
10440,7188,6,281.02
10440,18888,7,457.57
10440,14712,9,490.61
10440,14654,1,89.86
10441,8617,2,85.93
10441,13473,5,236.37
10442,12218,8,306.7
10442,12721,9,114.82
10442,5485,9,348.42
10442,6086,9,46.51
10442,11953,10,367.76
10443,5174,4,381.05
10443,15092,3,279.36
10443,10596,9,468.84
10443,8321,7,278.29
10443,7427,8,370.97
10444,1898,5,412.06
10444,13605,6,489.7
10444,13261,8,82.04
10445,1984,3,470.65
10445,4078,8,493.55
10446,18338,4,240.89
10446,5703,10,189.56
10446,9893,5,217.96
10446,7473,9,352.16
10446,18272,3,111.33
10447,8675,5,215.12
10447,17133,8,76.76
10447,3223,6,395.87
10447,19845,8,200.45
10448,15903,6,77.28
10449,13048,3,123.84
10449,1786,6,343.3
10449,13277,1,348.04
10449,12803,10,237.58
10449,3181,10,436.3
10450,4133,6,440.11
10450,12811,6,228.32
10450,490,4,61.13
10451,3788,5,346.13
10452,6067,1,84.83
10452,10264,2,95.84
10452,17239,4,156.06
10453,16605,2,56.14
10453,12928,10,254.33
10453,15062,4,280.36
10454,16350,10,124.13
10455,476,7,468.77
10455,6065,5,239.61
10455,13055,1,284.74
10455,5806,6,32.23
10455,17591,10,95.41
10456,788,2,345.84
10456,10460,9,26.59
10456,6988,8,467.12
10457,3968,4,191.02
10457,4391,10,281.1
10457,9373,7,39.04
10458,9942,1,398.12
10458,6460,8,292.71
10458,11231,7,215.39
10458,2050,2,459.3
10459,1351,6,39.25
10459,5231,7,58.1
10460,16175,4,107.25
10460,3520,1,85.04
10460,3654,1,490.23
10460,4157,6,119.97
10461,4461,1,296.25
10461,602,10,318.53
10461,1189,1,486.78
10461,6146,3,300.25
10462,8829,8,123.74
10463,13531,8,121.86
10463,2318,2,370.68
10463,8068,10,410.52
10463,1457,10,468.52
10463,2709,1,289.69
10464,19025,7,203.46
10464,5664,9,280.02
10464,8300,8,379.93
10464,1727,4,172.31
10464,8115,9,368.62
10465,1437,3,324.73
10465,9063,8,345.12
10465,15099,8,7.02
10465,1923,1,118.9
10465,15337,7,180.35
10466,6341,7,443.83
10466,15326,4,95.09
10466,4601,3,235.87
10466,1745,2,241.67
10467,12623,4,321.53
10468,646,9,268.57
10469,5918,9,483.26
10469,6455,7,101.56
10469,7329,9,143.98
10469,19827,9,402.39
10469,17110,8,367.7
10470,1389,5,446.57
10470,3978,1,138.06
10470,10739,8,52.48
10470,9821,7,71.09
10470,7126,10,315.42
10471,16403,5,212.23
10472,1881,2,467.19
10473,14762,7,411.14
10473,18682,10,452.2
10474,1663,9,149.67
10475,4923,7,247.47
10475,16596,9,217.26
10475,5379,2,461.75
10475,14795,10,152.06
10475,1792,10,258.13
10476,6702,4,193.82
10476,16220,8,441.21
10477,2811,1,410.78
10477,9228,8,477.28
10477,2322,3,83.29
10478,14812,5,131.13
10478,11716,4,371.76
10479,16987,5,462.41
10479,12746,4,237.62
10479,1311,7,261.85
10479,6443,4,480.49
10479,3665,7,202.71
10480,15463,9,116.19
10480,2168,3,411.01
10481,3911,10,33.28
10482,18695,8,99.32
10482,248,9,82.56
10482,8658,2,422.11
10482,13141,9,324.74
10483,14028,1,276.63
10483,12629,6,275.1
10483,3560,7,233.6
10483,18211,10,175.54
10484,80,7,83.51
10484,19310,3,167.55
10485,1368,4,114.45
10485,2119,10,489.97
10485,13785,2,140.2
10485,1466,7,374.13
10485,8104,9,32.96
10486,7608,1,48.72
10486,3244,2,416.76
10486,19417,3,330.25
10486,808,2,134.26
10487,3199,8,433.22
10487,4350,5,329.28
10487,19349,7,375.07
10488,17572,8,161.43
10488,3448,7,449.61
10489,18162,1,248.04
10489,6926,10,237.77
10489,1698,10,297.76
10489,4433,7,485.27
10489,13521,7,481.36
10490,13269,9,496.3
10490,3518,8,452.9
10490,2692,4,193.66
10490,1173,2,11.53
10491,17949,2,358.18
10491,2995,10,146.35
10491,14037,2,445.24
10491,4364,4,86.85
10491,19622,4,308.09
10492,17240,3,58.64
10493,9408,10,222.6
10493,18667,6,496.61
10494,13130,7,451.8
10494,420,3,287.69
10494,7695,9,471.49
10494,2361,4,266.51
10494,14750,6,282.63
10495,19163,7,349.56
10495,16115,10,38.77
10496,13450,7,221.15
10496,11384,9,50.27
10497,16160,2,118.35
10497,10962,3,264.69
10498,13547,10,348.42
10498,6944,7,460.27
10498,19038,6,353.56
10499,7267,2,419.75
10499,12639,10,22.72
10499,9265,7,107.36
10500,16350,7,124.13
10500,945,3,315.26
10500,10484,7,178.4
10501,19242,8,383.4
10502,12324,5,230.89
10503,17328,5,493.94
10503,18149,9,399.15
10504,4789,4,416.97
10504,16304,5,132.37
10504,1727,4,172.31
10505,1633,5,249.3
10505,8551,4,386.04
10505,14049,2,252.99
10505,6116,9,448.96
10505,5847,1,332.96
10506,18549,8,79.89
10507,17062,9,206.14
10507,13275,9,412.5
10507,18977,6,69.77
10507,16219,7,62.73
10507,16977,10,119.46
10508,18261,6,329.0
10509,12573,5,244.84
10509,13960,6,144.65
10509,13302,5,428.08
10509,4845,1,346.58
10509,388,5,219.93
10510,8039,3,334.0
10511,14921,10,358.27
10511,7898,8,188.4
10512,12492,7,87.67
10513,11399,1,226.71
10513,9356,2,406.26
10514,12917,7,112.44
10514,16196,5,35.65
10514,17829,2,225.23
10514,17517,4,364.74
10515,18566,5,66.61
10516,17977,7,416.69
10516,3901,4,365.5
10517,2696,7,134.2
10517,5303,5,415.63
10518,779,7,302.79
10518,4882,2,172.3
10518,9514,9,194.76
10518,19823,8,367.43
10518,7357,5,454.08
10519,7425,1,286.48
10519,18149,9,399.15
10520,13389,9,56.13
10520,9017,7,56.36
10520,13665,2,89.24
10521,1028,10,493.5
10521,18450,5,121.71
10522,8484,6,242.37
10522,12225,1,80.69
10522,331,5,340.13
10522,12059,8,123.26
10523,506,3,184.43
10523,11316,8,246.06
10523,5534,8,313.64
10524,12735,4,122.77
10524,13312,3,291.61
10524,1518,2,36.96
10524,10849,2,55.61
10524,5201,2,336.44
10525,5123,3,454.33
10526,15811,9,233.04
10526,4008,8,249.67
10526,8968,8,176.9
10526,16788,8,120.53
10526,7540,6,121.68
10527,17498,7,27.27
10528,2911,4,476.77
10529,13700,1,362.56
10529,11094,6,449.9
10529,5994,3,439.2
10529,2276,2,412.77
10530,19742,3,232.08
10530,542,4,160.58
10530,16879,3,370.03
10530,10124,10,343.2
10531,6162,6,129.99
10531,19763,9,97.06
10532,11925,6,439.01
10532,4258,7,344.18
10533,11443,6,458.89
10533,13733,4,419.74
10534,12728,8,175.98
10534,8260,4,347.83
10534,12617,9,246.72
10534,6356,7,198.23
10535,11888,7,79.45
10535,6534,9,190.12
10535,6996,3,383.65
10535,178,4,365.1
10535,1115,5,363.0
10536,4399,3,137.83
10536,7180,8,274.06
10536,18682,8,452.2
10536,17262,9,306.57
10536,17095,10,294.4
10537,481,7,400.77
10537,7664,5,185.38
10537,10921,8,473.44
10537,17900,5,60.58
10538,17785,4,482.88
10538,11006,4,138.42
10539,2026,4,132.59
10539,12936,10,161.67
10540,3234,6,341.68
10541,17195,10,74.02
10541,10278,10,74.7
10541,10496,5,114.15
10542,18019,7,317.25
10542,335,1,134.5
10542,5478,7,141.32
10543,18085,8,117.77
10544,4850,1,291.11
10544,17359,2,178.26
10544,17678,3,434.62
10545,17112,8,176.32
10546,14920,8,368.47
10546,16127,6,185.91
10546,14344,2,150.74
10546,7816,7,458.54
10546,11290,9,27.71
10547,3285,8,232.59
10548,11229,1,378.19
10548,1734,7,214.15
10548,14202,9,334.66
10548,4007,7,496.98
10549,5626,1,363.24
10549,15725,2,424.33
10549,17824,10,183.77
10549,12843,7,21.79
10549,7081,9,140.89
10550,13410,8,92.66
10550,13724,9,196.75
10550,14756,7,277.45
10550,15352,3,127.09
10551,10800,7,183.07
10551,13361,4,209.22
10552,9700,2,81.59
10552,12196,4,494.81
10552,17806,1,454.73
10552,863,7,123.66
10553,9061,9,170.94
10553,16505,2,354.13
10554,9473,5,297.04
10555,6154,8,412.84
10556,17028,6,438.98
10556,18907,9,375.77
10556,2468,9,378.01
10557,15126,7,141.93
10557,15920,3,438.25
10557,1536,7,157.64
10557,5789,9,481.29
10557,148,2,197.74
10558,12106,2,52.95
10558,4114,4,212.48
10559,19814,5,198.34
10560,19474,6,444.62
10560,17409,4,118.4
10560,7039,8,317.3
10560,19774,1,386.07
10561,12002,2,106.02
10561,1859,4,395.57
10561,1129,5,414.38
10562,16299,7,488.85
10562,4,8,31.47
10563,17612,8,231.21
10563,11971,3,160.05
10563,10352,9,156.68
10563,8703,9,481.81
10564,709,3,208.18
10564,57,1,318.0
10564,11869,10,110.71
10564,5910,8,119.71
10565,13253,1,207.81
10565,1042,9,28.04
10566,19060,4,235.33
10566,679,10,49.17
10566,778,9,383.56
10566,3057,10,308.47
10567,17149,6,142.44
10567,6190,4,133.63
10567,1328,4,318.97
10568,6022,3,65.03
10568,7755,8,353.51
10568,19543,3,225.88
10568,14674,4,42.12
10569,17305,9,248.47
10570,11955,1,269.7
10570,4057,8,389.16
10571,11385,7,245.27
10571,15353,8,491.61
10571,10591,6,19.49
10571,12673,8,232.93
10571,9130,5,225.34
10572,13595,6,349.17
10572,11110,2,297.88
10572,17904,9,340.35
10572,2022,2,179.31
10572,14672,7,402.49
10573,11071,5,346.98
10573,208,7,32.55
10573,2578,3,84.43
10573,15810,5,109.69
10573,11605,7,67.2
10574,14917,7,168.47
10574,11860,5,332.19
10574,6960,4,202.19
10574,8239,9,271.27
10574,901,2,318.58
10575,10812,9,400.98
10575,6500,7,293.93
10575,5233,6,292.21
10575,470,6,191.2
10576,4057,7,389.16
10576,10937,6,237.9
10576,7075,9,437.29
10576,6294,5,49.78
10577,18096,3,274.85
10577,14984,3,490.09
10578,18051,3,418.63
10578,2418,1,362.61
10578,7314,1,99.6
10578,9104,5,30.3
10579,13019,6,159.05
10580,205,6,68.34
10580,18011,4,331.75
10580,14299,6,446.43
10581,6337,7,140.18
10581,921,6,187.74
10581,2736,5,362.56
10581,1876,1,63.66
10581,17258,1,304.93
10582,8117,8,448.67
10582,458,9,79.51
10582,3377,3,258.27
10583,15352,7,127.09
10583,7108,10,135.52
10583,14528,3,216.36
10583,13691,5,471.23
10583,15581,8,321.91
10584,3721,2,201.86
10584,11310,5,479.89
10585,16804,5,128.38
10585,7225,3,404.04
10586,1151,9,353.24
10586,4810,2,490.13
10586,19435,5,213.05
10587,10750,6,350.12
10588,16037,8,342.05
10588,7804,7,472.61
10589,15479,5,291.84
10589,10592,6,43.51
10589,19184,2,334.45
10589,7356,7,148.32
10590,17270,9,47.61
10590,7543,4,463.67
10590,11245,9,11.93
10590,10177,7,268.03
10590,2323,2,247.59
10591,6100,9,486.2
10591,2030,2,114.07
10591,7635,6,216.42
10591,18802,10,39.87
10591,17983,1,67.38
10592,859,3,450.03
10592,400,8,379.03
10592,1930,5,333.25
10592,12300,8,356.54
10593,19452,2,182.15
10594,19281,4,391.73
10594,7786,5,196.79
10595,3903,1,125.73
10596,14631,8,126.69
10596,19586,9,139.01
10597,5351,2,219.56
10597,17398,5,470.89
10597,742,2,328.57
10598,10964,1,331.18
10598,2759,3,402.33
10598,2253,9,253.25
10598,3088,6,92.1
10599,16180,2,10.21
10599,12450,2,368.75
10599,6954,6,366.37
10599,13233,9,482.92
10599,2548,7,300.46
10600,13647,10,38.8
10600,6077,6,392.85
10600,12376,6,403.95
10601,6060,10,262.84
10602,6667,1,99.48
10603,1672,9,265.67
10603,7808,6,6.31
10603,15231,5,270.53
10604,2820,10,32.96
10604,8408,3,411.76
10604,16608,4,98.58
10604,1385,3,50.77
10605,16581,5,39.5
10605,16129,4,157.4
10606,11907,4,353.48
10606,2441,6,241.05
10607,12172,7,393.37
10607,10379,10,286.61
10607,12706,1,304.44
10608,2119,10,489.97
10608,16513,1,235.1
10608,10161,8,227.3
10609,7581,6,344.88
10609,11221,10,103.21
10609,9241,8,328.43
10609,9159,8,88.9
10610,6146,6,300.25
10611,12159,2,245.06
10611,9766,5,380.51
10611,4857,2,53.7
10612,7300,9,206.12
10612,4644,2,135.59
10612,12288,2,111.75
10613,9436,1,312.67
10614,15465,6,216.15
10615,1774,2,158.14
10615,19825,9,264.82
10615,18960,4,394.74
10616,4111,3,326.72
10616,13084,2,213.37
10616,2398,3,409.28
10617,12786,6,246.86
10617,4421,9,285.6
10617,1691,9,298.23
10617,7094,10,165.09
10618,17403,7,338.07
10618,9170,1,459.11
10619,18562,10,138.05
10619,2973,3,414.03
10619,5566,3,221.95
10619,16414,4,60.67
10620,14728,8,79.33
10620,2303,7,330.29
10620,960,4,185.61
10620,2022,10,179.31
10621,3630,5,259.99
10621,16642,10,140.15
10621,5927,7,210.92
10621,13087,10,470.96
10621,1482,1,417.33
10622,11501,2,397.97
10622,2130,1,128.55
10622,11492,9,87.4
10622,8121,4,246.99
10622,69,8,237.76
10623,2200,7,84.98
10623,8143,6,62.35
10623,5240,2,373.39
10623,3451,7,86.46
10624,3468,1,164.15
10624,14345,10,181.32
10624,3102,1,392.55
10624,13380,4,395.87
10624,9473,10,297.04
10625,7123,6,250.36
10625,4472,2,260.76
10626,11851,2,232.04
10626,17459,9,225.44
10627,1320,5,90.59
10627,1471,3,115.22
10627,18456,1,133.66
10627,7662,3,181.76
10628,4040,1,379.61
10629,13577,3,171.7
10630,691,9,20.67
10630,5688,10,166.73
10630,14670,10,222.96
10630,10566,7,98.45
10631,19713,7,355.25
10631,13076,9,429.69
10631,16777,7,159.06
10631,410,9,98.41
10632,12013,5,351.38
10632,15214,2,381.41
10632,3553,5,431.56
10633,15586,1,321.1
10633,14721,1,292.14
10633,19719,1,332.47
10633,16592,7,141.26
10633,5525,5,492.81
10634,12063,10,282.01
10634,14035,6,390.07
10634,19206,6,400.18
10635,4309,4,152.51
10635,15309,8,356.39
10635,19935,2,263.18
10635,18534,10,147.13
10635,18269,6,311.44
10636,18098,8,353.6
10636,18389,7,455.83
10637,12660,4,172.78
10637,3711,8,368.44
10637,14492,10,263.25
10638,249,4,185.48
10638,19671,8,260.26
10638,6887,1,108.64
10638,17645,4,156.07
10638,11841,6,208.67
10639,11116,8,371.54
10639,7601,6,332.74
10640,17928,10,327.76
10640,18818,3,242.23
10641,17925,2,380.7
10641,17123,2,347.11
10641,1174,5,44.07
10642,7062,9,244.55
10642,2118,4,72.51
10642,2213,2,75.71
10642,1186,9,14.84
10643,10358,3,396.6
10643,953,9,226.7
10643,19631,4,364.44
10643,14817,4,280.06
10643,11837,7,362.08
10644,17692,8,449.41
10644,10488,6,404.49
10644,3888,6,33.47
10645,5725,5,148.22
10645,12941,6,430.47
10645,2384,6,488.93
10645,6988,1,467.12
10646,14057,7,474.7
10646,18967,10,485.75
10646,14751,7,323.25
10646,17006,1,216.18
10647,15971,1,445.3
10647,702,7,331.51
10648,7281,6,496.03
10648,13614,3,257.9
10648,3768,5,278.16
10649,6159,8,460.83
10649,3176,7,298.67
10649,19160,10,469.57
10649,17176,6,497.07
10650,4177,5,374.16
10650,2504,4,79.95
10650,9110,1,65.43
10650,15500,4,221.71
10651,4977,10,496.7
10651,10071,10,419.58
10651,13377,10,243.11
10652,2336,5,118.13
10652,16160,9,118.35
10652,13462,5,400.94
10652,13314,1,409.75
10653,20000,10,277.45
10654,5968,4,55.51
10655,2258,9,397.41
10655,11332,9,415.39
10655,7772,10,250.36
10655,13081,8,165.79
10655,17450,10,446.62
10656,6872,6,148.38
10656,16952,6,224.29
10657,16606,5,397.77
10657,2832,3,38.4
10657,15910,9,437.97
10657,3098,9,334.42
10657,11032,8,344.84
10658,17817,4,402.62
10658,13989,1,128.26
10658,5857,3,13.98
10658,18739,3,474.71
10658,12468,9,423.18
10659,3811,7,368.79
10659,6954,10,366.37
10659,7635,6,216.42
10660,15847,6,235.07
10660,7546,6,29.27
10660,4118,9,343.66
10660,445,4,394.41
10660,12005,6,71.16
10661,10163,8,174.77
10662,298,3,447.26
10663,13384,5,367.35
10663,7138,3,81.78
10664,4931,10,70.13
10664,13720,3,314.12
10664,14856,7,350.9
10664,6260,1,371.79
10665,972,1,78.21
10665,2502,4,145.65
10665,10837,1,348.39
10665,7318,5,228.7
10665,8330,10,11.22
10666,6708,9,277.86
10666,16428,10,445.14
10666,16138,2,427.6
10666,13628,10,5.84
10667,10089,5,443.22
10667,10532,2,44.38
10667,346,8,377.26
10667,17359,1,178.26
10668,8658,7,422.11
10668,8527,9,109.4
10669,15418,5,62.94
10669,11845,4,267.03
10669,4503,2,246.02
10669,9371,7,489.84
10670,14275,5,5.81
10670,13863,4,204.41
10670,5750,6,231.19
10670,13696,8,384.78
10670,12204,8,393.92
10671,13746,9,214.38
10671,18702,7,51.25
10671,13190,2,304.97
10671,5803,6,399.29
10671,1282,3,430.34
10672,16692,7,157.41
10673,9215,2,417.45
10673,1889,10,429.52
10673,1367,10,72.92
10673,19571,10,424.42
10673,16924,3,357.46
10674,15481,8,358.18
10674,19761,8,142.12
10674,328,9,440.14
10674,18755,9,81.23
10675,14389,6,263.46
10675,3245,1,258.46
10676,15363,8,405.95
10677,19901,7,135.92
10677,9569,9,69.24
10677,6815,6,65.28
10677,2291,4,272.88
10678,9035,6,446.16
10678,9661,5,126.66
10679,1268,4,133.62
10679,7943,6,349.53
10679,18863,8,336.6
10680,19763,8,97.06
10681,5236,6,293.3
10681,11898,10,485.65
10681,3744,3,227.97
10682,16053,6,239.63
10682,7542,8,390.4
10682,17955,5,300.52
10682,13372,5,368.42
10682,3750,8,119.41
10683,374,1,201.36
10683,11867,1,214.0
10684,15429,3,370.28
10684,15860,2,290.84
10684,11843,3,381.49
10685,6914,8,471.56
10685,17197,2,327.71
10685,240,4,303.76
10685,15170,6,411.2
10685,2156,4,15.37
10686,13737,10,400.37
10686,11308,6,299.34
10686,17102,3,19.51
10686,7623,1,423.15
10686,1759,1,456.37
10687,13600,10,181.63
10687,3204,8,24.87
10687,5569,10,181.52
10688,6081,1,327.9
10688,524,4,244.21
10688,398,3,196.18
10688,3188,9,447.91
10689,4698,6,78.28
10689,12070,9,177.74
10689,9765,4,128.71
10689,18954,1,339.46
10690,17461,4,423.26
10690,5919,9,45.33
10691,10213,3,20.27
10691,2584,9,260.11
10692,4824,10,358.77
10692,18398,7,95.67
10692,1277,10,154.92
10693,17389,1,283.17
10694,5407,5,92.89
10694,1510,7,239.29
10695,18567,5,37.13
10696,18952,10,68.16
10696,14568,10,224.0
10696,16363,6,433.94
10696,6099,5,427.54
10697,6947,3,172.46
10698,17349,2,465.72
10698,5364,3,460.71
10699,14544,10,98.22
10699,10789,5,121.64
10700,14158,10,410.72
10700,2650,3,320.53
10700,8290,4,393.34
10700,6307,10,381.36
10700,9806,6,215.03
10701,6191,6,277.78
10701,2499,6,308.11
10701,15653,8,36.24
10701,4463,5,194.51
10701,18302,10,338.22
10702,5955,5,239.58
10702,17256,8,223.58
10702,16045,5,101.67
10702,5757,5,369.25
10702,11451,7,165.15
10703,1781,10,95.68
10703,17049,10,150.27
10703,6914,7,471.56
10703,2078,8,15.1
10704,18640,8,409.6
10705,18569,8,139.14
10705,14365,5,445.17
10706,1247,3,233.4
10706,8883,3,370.19
10706,8743,1,227.69
10706,1918,2,165.16
10707,10098,4,376.4
10707,10230,9,427.12
10707,5352,5,325.22
10708,4853,7,339.11
10708,880,9,34.98
10709,14225,7,423.47
10710,17277,7,348.24
10711,18574,10,287.78
10711,11231,8,215.39
10711,3655,10,181.46
10711,12674,7,23.67
10712,1520,5,112.44
10712,3705,4,124.42
10712,3784,5,415.64
10712,1122,6,94.46
10712,11888,3,79.45
10713,17365,8,357.99
10713,9591,4,104.58
10713,7834,1,84.74
10713,12209,5,197.14
10713,18701,1,298.58
10714,12246,5,481.96
10714,15833,7,326.75
10714,1882,5,32.43
10714,10537,2,238.75
10714,6764,6,397.98
10715,2591,2,79.01
10716,6425,9,436.12
10716,14636,7,366.13
10716,7966,7,174.63
10716,9038,7,358.59
10716,14418,8,442.87
10717,310,1,206.59
10717,12125,10,96.56
10717,6435,2,466.01
10717,3127,10,191.98
10717,10027,2,136.84
10718,12445,5,210.88
10718,13358,3,129.02
10718,11844,7,452.35
10718,3011,8,318.28
10718,3634,3,5.75
10719,75,9,442.6
10720,11614,7,200.71
10720,15728,7,147.31
10721,10567,8,442.22
10721,10702,4,363.43
10721,17278,1,404.74
10721,12627,8,30.1
10721,372,9,257.41
10722,17647,1,114.73
10722,852,2,417.67
10722,4700,6,422.01
10723,3366,10,178.84
10724,12160,9,479.38
10725,9065,9,349.03
10726,6797,1,249.95
10726,13960,3,144.65
10726,7298,5,53.8
10727,11825,3,135.81
10728,1645,10,393.75
10728,10316,2,18.02
10728,3402,8,76.9
10729,19385,10,43.71
10729,10424,1,299.1
10730,214,1,56.23
10730,3218,1,211.9
10731,11919,9,369.19
10731,12957,10,280.51
10731,1534,3,219.95
10731,15877,9,71.84
10732,4870,5,197.34
10732,6941,3,387.68
10732,5401,4,80.02
10733,6572,5,199.78
10733,17540,2,453.15
10733,4598,10,471.64
10733,9685,2,403.56
10734,10896,6,115.87
10734,18313,8,333.39
10734,13618,6,240.19
10735,10675,2,233.65
10736,164,10,41.09
10737,10255,4,419.76
10737,18875,1,375.18
10737,2103,8,276.82
10737,12772,7,402.09
10738,4654,6,35.38
10738,1310,6,250.65
10739,2307,8,86.59
10740,14414,3,474.44
10740,4388,6,338.37
10740,17918,1,115.83
10741,636,5,425.96
10741,12786,9,246.86
10741,3390,10,165.42
10741,264,7,88.18
10742,16770,9,399.74
10742,4295,6,163.65
10742,17168,6,190.14
10743,11879,10,352.13
10743,10316,5,18.02
10744,19983,7,370.66
10744,19152,6,132.33
10745,7767,6,337.04
10746,13279,2,494.33
10747,1235,1,417.51
10747,18001,5,130.31
10747,11834,1,45.66
10748,9311,2,107.34
10749,3733,2,87.15
10750,4600,1,408.55
10750,455,6,270.63
10750,15140,4,145.39
10751,5302,6,122.65
10751,5829,6,446.25
10752,16808,10,165.89
10752,7357,7,454.08
10753,18826,2,199.1
10753,15204,5,447.49
10753,2722,8,126.74
10754,13606,3,129.16
10754,16650,5,128.06
10754,5980,9,100.17
10754,6934,5,355.93
10754,1598,2,104.21
10755,7467,9,384.25
10755,12021,1,345.44
10755,17771,2,191.81
10755,3531,6,207.02
10756,13827,7,249.78
10756,16767,4,410.86
10757,9155,7,439.28
10757,14060,6,140.79
10757,8378,2,293.04
10758,1093,5,125.08
10759,7651,7,160.83
10759,9996,9,176.94
10759,10053,10,384.66
10759,3686,6,365.77
10759,14980,4,319.15
10760,1653,3,249.09
10760,19317,1,183.74
10760,10989,1,106.81
10761,9669,8,298.32
10761,16205,10,18.15
10761,1272,8,326.08
10761,7477,4,415.4
10761,8633,6,131.47
10762,17415,2,93.92
10762,15522,6,330.3
10762,6818,3,249.65
10762,3322,1,251.04
10763,9818,1,81.44
10763,17245,2,353.55
10763,12505,7,19.63
10763,2921,7,110.13
10763,19470,6,278.66
10764,11793,6,329.3
10765,13127,1,70.23
10765,13082,5,169.04
10766,14197,8,22.7
10766,18315,5,307.49
10766,10422,10,431.77
10766,10070,3,477.34
10767,2552,7,353.76
10767,6357,4,290.5
10768,5436,2,119.41
10768,5391,8,166.44
10769,11439,2,483.6
10769,11753,1,418.98
10769,2495,5,271.69
10769,11207,2,133.74
10770,14706,3,314.23
10771,3855,3,312.92
10772,1200,2,277.2
10772,7311,6,99.17
10772,9223,1,95.55
10772,9347,7,69.35
10773,2237,6,112.87
10773,2313,2,417.78
10773,7485,6,202.19
10773,7553,3,385.95
10774,15818,2,6.31
10774,16469,2,203.41
10774,10209,7,404.57
10775,16122,5,394.82
10775,7677,2,354.68
10775,14168,3,370.45
10775,784,6,88.73
10775,1248,7,117.46
10776,5516,2,208.98
10777,19582,1,73.75
10777,6243,9,430.76
10777,1994,1,433.87
10777,15900,7,43.1
10777,15531,9,59.48
10778,19611,4,145.47
10778,1275,6,351.09
10779,10215,9,484.88
10780,19291,6,264.69
10780,4500,5,488.59
10780,15449,4,92.05
10780,11032,5,344.84
10781,15457,5,397.2
10781,14345,4,181.32
10781,11922,9,345.19
10781,9848,8,305.1
10781,13845,1,71.16
10782,6769,2,314.17
10782,10220,5,258.53
10783,8667,5,471.54
10783,582,3,252.12
10783,6010,6,84.91
10784,10513,3,492.34
10784,17933,7,21.51
10784,8071,9,422.23
10784,4342,3,287.59
10784,9229,6,86.54
10785,14629,6,84.43
10785,12551,7,26.38
10785,8974,6,375.74
10786,9284,5,291.05
10786,12754,9,151.08
10786,18478,1,197.13
10787,9440,5,135.84
10787,7440,7,457.35
10787,13240,7,499.11
10787,18508,9,301.86
10788,2986,9,446.48
10788,9803,5,492.97
10788,8069,9,203.32
10788,6399,6,401.58
10788,13327,10,129.35
10789,180,6,187.84
10789,2045,1,359.97
10789,14103,1,243.95
10789,6007,7,443.99
10789,16516,6,71.58
10790,7009,8,299.13
10790,3174,6,284.77
10790,11101,9,343.64
10790,1455,5,262.79
10790,18547,1,489.44
10791,11611,1,68.21
10792,8563,5,169.6
10792,4471,2,206.2
10793,11244,7,490.5
10793,10773,8,241.84
10793,17757,9,57.67
10793,23,8,338.69
10793,402,2,203.62
10794,18196,4,166.33
10794,899,4,351.83
10794,12633,1,20.8
10794,11862,3,62.85
10795,7058,10,173.83
10795,16886,3,422.23
10796,14780,9,414.73
10796,19247,5,187.34
10796,12629,4,275.1
10796,19147,2,55.9
10797,16245,9,53.44
10797,1319,1,42.9
10797,11109,3,219.27
10797,12980,10,111.0
10798,12797,4,8.61
10798,12024,1,191.57
10799,16911,5,54.87
10800,14950,2,402.13
10801,13578,3,282.15
10801,9222,2,144.02
10802,10307,7,482.07
10802,13964,8,182.92
10802,4538,9,365.17
10802,5477,8,247.93
10802,13833,7,482.93
10803,17834,3,104.82
10804,11006,10,138.42
10804,4749,5,91.6
10805,5629,6,381.09
10805,7796,7,317.31
10806,13793,7,202.95
10806,15002,5,440.92
10806,473,8,279.62
10806,3030,5,82.65
10806,17730,7,264.34
10807,19671,6,260.26
10808,11849,3,392.82
10808,14864,6,133.86
10808,11125,4,57.93
10808,3607,7,294.86
10809,10082,2,76.42
10809,5185,6,130.53
10809,5455,10,457.2
10809,15930,8,492.71
10809,18555,2,92.98
10810,10877,1,45.58
10810,3606,3,254.37
10810,275,1,427.98
10811,6073,7,278.99
10811,17685,10,391.87
10811,16834,6,489.76
10811,19898,3,227.41
10812,15952,6,431.09
10812,12032,7,425.41
10812,13675,7,20.85
10812,15985,7,482.73
10812,9211,8,285.11
10813,12639,7,22.72
10813,2101,3,278.58
10813,18432,2,166.04
10813,13322,9,144.09
10814,15227,3,459.69
10814,9483,1,185.52
10814,12351,7,287.76
10814,7200,7,28.48
10814,17822,1,50.03
10815,13103,2,150.69
10815,8192,10,343.22
10815,7574,2,418.49
10815,15334,6,375.47
10816,4190,10,366.31
10816,12983,4,410.53
10816,6364,9,214.87
10816,18434,8,299.41
10816,3518,2,452.9
10817,10069,6,481.97
10817,13735,1,473.31
10817,16637,6,299.6
10817,7660,3,312.89
10818,2870,7,141.7
10818,2959,8,143.12
10818,10800,9,183.07
10818,9907,5,36.26
10818,19600,7,428.42
10819,8829,3,123.74
10819,18224,2,326.89
10819,19439,3,77.3
10819,10774,4,376.18
10819,13150,2,45.55
10820,7199,6,93.65
10820,12315,1,393.03
10820,14337,9,432.66
10821,19683,4,253.28
10821,2102,5,84.76
10822,8335,4,261.2
10823,9082,4,90.79
10823,6429,10,204.04
10823,15977,7,60.9
10824,12373,1,201.01
10824,17040,8,172.37
10824,15306,5,437.83
10824,2817,6,204.28
10824,17096,5,335.59
10825,7131,5,116.1
10826,6985,8,460.01
10826,14500,7,259.4
10826,2058,5,343.05
10826,7411,6,319.98
10826,10723,9,234.57
10827,11800,10,316.75
10827,15152,8,305.79
10827,19428,2,38.82
10827,18705,1,157.72
10828,6787,9,475.19
10828,4628,7,31.05
10829,5870,1,161.06
10829,12086,5,289.16
10829,3936,8,383.11
10830,9881,4,389.36
10830,5492,7,410.36
10830,14445,8,365.6
10830,3667,3,467.91
10831,3739,10,266.33
10831,13902,5,205.03
10831,4876,7,217.24
10831,7576,9,321.21
10831,1542,8,379.29
10832,12564,10,90.31
10832,10218,7,341.88
10832,6541,4,40.47
10832,15620,3,173.01
10832,8710,6,62.63
10833,19436,2,297.99
10833,7547,8,389.04
10833,3674,5,155.09
10834,1430,7,333.95
10834,19395,10,312.66
10834,6649,10,357.24
10835,13083,2,452.44
10835,9647,10,170.84
10836,6568,6,362.72
10836,11337,2,331.24
10836,6169,4,140.23
10836,4882,2,172.3
10836,4556,6,264.68
10837,4065,2,346.37
10837,13394,5,27.39
10837,7193,6,86.8
10837,7374,7,395.17
10838,18603,1,243.44
10838,697,6,240.77
10838,3458,6,31.13
10839,16888,5,270.11
10839,17177,4,160.33
10839,17385,5,457.45
10839,2291,4,272.88
10840,16972,3,97.41
10840,11576,2,188.23
10840,11787,2,387.31
10841,18830,4,119.3
10841,2750,2,428.47
10842,17639,7,388.19
10843,4668,8,363.08
10843,9199,1,224.69
10844,9773,7,113.17
10844,4068,4,116.05
10844,108,6,381.41
10844,1040,4,346.65
10844,17791,8,27.52
10845,4390,8,427.69
10845,6924,3,431.07
10846,6439,1,83.02
10846,2818,5,44.54
10846,1017,6,263.28
10846,4831,2,157.29
10846,10377,7,145.62
10847,19024,4,39.05
10847,10670,3,332.1
10847,5087,3,63.96
10847,99,4,465.14
10848,17227,8,168.45
10848,7837,4,246.04
10848,4419,2,408.05
10848,661,4,232.64
10848,17332,7,90.92
10849,17686,7,174.5
10849,7538,8,60.55
10849,13299,2,233.17
10849,11322,10,170.79
10849,1069,8,498.34
10850,16745,8,317.84
10850,7339,7,15.79
10850,12894,4,208.85
10851,181,1,199.9
10852,13877,3,124.48
10852,9456,6,56.24
10852,879,2,142.78
10852,5281,1,139.15
10852,3013,6,97.54
10853,3460,6,188.99
10853,9411,6,362.23
10854,6573,8,453.39
10855,2144,6,410.58
10855,17714,9,364.39
10855,15354,3,375.36
10855,1768,9,458.39
10855,4936,8,435.23
10856,4178,2,360.74
10857,1143,6,480.66
10857,2322,5,83.29
10857,17900,6,60.58
10858,13124,1,68.44
10858,15702,1,73.35
10859,613,8,216.4
10859,10830,6,220.98
10859,13068,2,435.99
10860,13482,9,109.06
10861,2390,10,325.85
10862,8053,6,463.88
10862,13264,9,394.84
10863,19914,5,331.93
10863,9752,4,34.2
10863,15637,3,73.84
10863,12468,9,423.18
10864,6956,10,213.33
10864,13748,1,152.66
10864,1485,9,130.3
10865,16642,1,140.15
10865,1995,3,491.83
10866,12937,3,169.21
10866,1188,1,373.03
10866,15916,8,295.85
10866,1099,10,321.43
10866,1185,3,342.9
10867,10088,1,31.3
10867,6666,5,349.28
10868,16928,4,220.09
10868,10223,6,86.71
10869,6390,6,149.83
10869,5596,8,188.66
10869,8167,9,424.58
10869,8819,9,164.28
10870,431,5,305.21
10870,9882,10,181.63
10870,9400,2,99.34
10870,12775,10,237.53
10871,15350,1,75.66
10871,2857,7,326.74
10871,5123,9,454.33
10872,19983,10,370.66
10873,2270,10,274.86
10873,18996,2,6.78
10873,18491,3,254.53
10874,16517,7,404.81
10874,5888,6,396.38
10874,14375,9,72.45
10874,6788,7,5.83
10874,13174,5,379.8
10875,8712,4,23.83
10875,18224,6,326.89
10875,5181,1,310.67
10876,5081,8,282.34
10876,11666,4,338.43
10877,19598,2,435.28
10877,3372,10,69.83
10877,3900,6,476.53
10877,3401,7,50.17
10878,15152,5,305.79
10878,14424,8,400.38
10878,9397,9,367.04
10879,10403,3,345.02
10879,5871,5,130.64
10879,4933,8,73.2
10879,6076,7,68.49
10879,5461,10,115.68
10880,3638,10,335.32
10880,8453,2,241.21
10880,19349,10,375.07
10880,17739,10,79.73
10880,15617,1,161.65
10881,9945,10,286.67
10882,8587,7,310.83
10882,13312,1,291.61
10882,1234,8,86.01
10883,315,4,183.46
10883,16951,4,422.54
10883,898,6,122.12
10883,4413,7,352.32
10884,13678,6,88.63
10884,18445,5,480.9
10885,18855,6,347.34
10885,16597,5,153.29
10886,6652,9,362.72
10886,12726,3,156.96
10887,11321,10,42.06
10887,8299,1,15.26
10888,10486,7,77.7
10888,11661,5,461.72
10888,3858,10,463.93
10888,8832,8,107.51
10888,12796,7,68.72
10889,18866,5,270.35
10890,12012,6,432.67
10890,5864,7,103.16
10891,3189,8,92.61
10891,147,9,74.7
10891,12464,6,269.92
10891,6332,2,268.85
10891,10256,8,87.78
10892,12701,7,82.53
10892,817,1,335.91
10892,17005,8,463.35
10892,9735,2,457.13
10892,597,2,426.85
10893,1297,7,464.31
10893,11193,2,154.94
10893,3289,9,456.59
10893,5072,7,51.29
10893,4263,9,185.62
10894,9373,3,39.04
10894,3478,1,85.88
10894,14085,10,103.05
10895,13871,4,488.56
10895,726,3,213.36
10895,17916,10,212.36
10895,7398,3,92.58
10895,16040,8,400.12
10896,15285,2,188.76
10896,11668,7,149.16
10896,517,8,24.18
10896,15547,1,192.56
10896,16946,8,307.16
10897,5808,6,452.54
10897,8400,10,383.52
10898,2596,1,69.65
10898,450,2,336.72
10898,11241,10,254.09
10898,14212,10,75.93
10899,13930,1,247.66
10899,19945,4,207.7
10899,94,2,94.56
10899,19572,9,271.69
10899,1726,8,139.21
10900,9414,9,397.46
10900,15333,5,413.79
10900,11984,8,497.22
10900,16076,10,311.96
10901,9690,1,199.71
10901,4562,6,469.61
10901,18611,5,229.89
10901,17733,6,105.22
10901,520,3,436.71
10902,9883,1,140.94
10902,7745,5,305.43
10903,14538,7,299.58
10903,16562,6,462.37
10903,18699,10,149.01
10903,17866,5,423.72
10904,6081,5,327.9
10904,13436,2,21.17
10904,13453,7,447.45
10905,19931,5,184.22
10905,13791,1,126.47
10906,9809,9,52.9
10906,8347,7,90.48
10906,12051,4,33.51
10906,7756,8,273.17
10906,8196,3,373.3
10907,4383,6,140.3
10907,1749,5,202.43
10907,14944,9,195.05
10907,3308,6,460.16
10908,17850,1,445.22
10908,2792,3,49.55
10908,6354,2,215.06
10908,8906,7,274.75
10908,15678,6,265.0
10909,12182,8,68.12
10909,9207,2,222.84
10910,3148,10,348.15
10911,346,7,377.26
10911,13805,7,403.73
10911,3548,7,76.78
10912,5012,6,273.95
10912,9095,4,101.37
10913,13759,2,103.07
10913,2210,7,201.64
10913,6649,5,357.24
10914,7795,2,116.29
10914,12150,2,90.83
10914,1893,10,129.44
10914,16330,1,203.29
10914,18376,8,201.79
10915,14661,2,5.4
10916,13172,2,165.31
10916,16796,1,337.32
10916,16219,3,62.73
10916,18506,10,80.8
10916,11697,3,152.15
10917,15990,5,99.71
10917,8514,1,453.4
10918,1889,4,429.52
10918,13235,6,142.87
10918,152,3,426.95
10918,3246,3,50.51
10919,393,10,280.05
10919,17783,8,295.13
10919,16433,5,385.01
10919,2574,8,407.5
10920,1378,10,181.22
10920,15464,9,447.66
10920,3047,5,10.32
10920,4991,4,441.2
10921,11649,7,371.17
10921,10313,1,209.7
10922,13270,5,89.45
10922,3912,8,75.81
10922,10233,3,498.76
10922,9171,2,390.73
10922,506,10,184.43
10923,1211,2,397.7
10923,12,3,235.1
10923,13009,6,215.02
10923,5859,1,131.0
10924,13388,2,70.33
10924,1142,7,216.88
10925,256,7,193.17
10925,5994,1,439.2
10926,16910,6,420.2
10926,3679,4,229.24
10926,14132,3,263.45
10927,4744,4,272.11
10927,1162,2,444.05
10927,69,1,237.76
10928,15918,3,388.2
10928,17658,6,149.97
10928,17534,9,96.46
10929,18373,7,378.12
10929,11280,9,71.17
10929,5671,7,224.82
10929,759,9,432.33
10930,18157,8,87.77
10930,5855,8,486.14
10931,6289,4,418.88
10931,16068,3,492.92
10932,15198,8,494.49
10932,2592,7,397.81
10933,10062,5,285.84
10933,13220,9,64.83
10933,16435,10,288.32
10933,5557,5,274.43
10934,17700,2,62.3
10934,5411,6,493.38
10934,7946,5,426.94
10935,4359,2,371.63
10936,15307,8,290.03
10936,7270,10,10.49
10936,15670,3,229.41
10937,14941,1,299.36
10937,6459,5,35.83
10937,11167,7,487.51
10937,14037,1,445.24
10938,9830,9,499.61
10938,12756,9,365.88
10939,8335,3,261.2
10939,18096,7,274.85
10939,1357,7,434.23
10939,7869,6,409.84
10939,17411,3,26.07
10940,14902,6,228.13
10940,2444,6,90.84
10940,1837,3,10.95
10940,12158,9,356.27
10940,11284,10,301.64
10941,13981,10,160.89
10942,12574,2,136.0
10942,4349,1,177.6
10943,12476,4,107.87
10943,14057,1,474.7
10943,4331,9,358.9
10943,15206,2,486.49
10943,16371,1,45.29
10944,9767,2,92.35
10944,11996,9,414.9
10945,591,2,422.21
10945,7075,4,437.29
10945,7966,7,174.63
10945,17625,10,122.84
10946,39,10,379.27
10947,13475,7,355.75
10947,14437,6,202.95
10947,3410,2,184.91
10947,1545,9,122.48
10948,18128,4,477.31
10948,15810,5,109.69
10949,2552,9,353.76
10950,5284,10,483.5
10950,9399,6,468.18
10951,3042,7,178.3
10951,11654,3,224.99
10952,17800,6,66.44
10952,15479,5,291.84
10952,14946,1,252.81
10952,10038,2,485.67
10952,4603,10,123.12
10953,7050,3,325.0
10953,18230,10,295.32
10954,10937,10,237.9
10954,18033,3,75.45
10954,8000,5,360.16
10954,7351,3,144.94
10955,4419,4,408.05
10955,9479,10,100.78
10955,7055,2,188.13
10956,3028,2,237.68
10956,18423,3,423.82
10956,644,5,55.48
10957,4559,1,385.26
10958,685,6,260.54
10958,14914,4,24.18
10958,8077,3,206.07
10959,15659,5,359.24
10959,9886,6,131.08
10960,1151,5,353.24
10960,5160,7,104.94
10960,4692,9,260.39
10960,1424,6,8.13
10961,12492,2,87.67
10961,16452,2,281.89
10961,7165,10,459.54
10961,16532,6,182.08
10961,5271,10,107.46
10962,8207,7,48.28
10962,4891,5,99.73
10963,16974,1,326.54
10963,7236,6,437.46
10963,17472,6,87.78
10964,2079,8,362.14
10965,12072,10,32.94
10965,1238,5,69.26
10965,6020,3,478.87
10966,10715,7,319.64
10967,8679,5,358.22
10967,8537,10,409.05
10967,15711,6,323.87
10967,7532,8,317.97
10967,10292,8,159.3
10968,3950,2,321.25
10968,5858,2,12.75
10968,18171,6,25.45
10968,16610,10,43.37
10969,19527,10,133.5
10969,7160,8,47.49
10969,16339,8,401.66
10969,8840,9,35.05
10969,10772,3,294.34
10970,7432,2,416.85
10970,3348,2,65.9
10970,5640,8,351.66
10970,2238,4,72.29
10971,17554,9,258.85
10971,10745,9,280.06
10971,14370,10,465.23
10972,1151,5,353.24
10972,15547,3,192.56
10972,5361,10,274.83
10973,16083,8,165.84
10973,260,2,266.93
10973,13735,9,473.31
10974,6792,3,433.3
10975,5068,9,20.85
10976,17379,1,9.41
10976,13219,10,351.77
10976,7474,3,398.65
10976,10480,6,354.23
10976,4700,4,422.01
10977,7502,7,99.27
10977,18467,10,123.47
10977,17178,3,14.69
10977,11255,1,35.18
10978,9418,2,56.92
10978,327,1,152.98
10978,9413,3,20.99
10978,4764,8,467.84
10979,19328,3,443.46
10979,9757,10,330.9
10979,10352,8,156.68
10980,16982,6,374.1
10980,10541,1,148.53
10981,7886,1,132.49
10982,13532,3,189.83
10982,18419,2,26.75
10982,14905,2,268.67
10983,15179,5,467.11
10983,15211,1,483.32
10984,14617,9,469.15
10985,14651,5,107.11
10986,12418,7,253.43
10986,17655,7,495.26
10986,2162,4,150.06
10986,17999,6,396.65
10986,10715,9,319.64
10987,13166,10,491.36
10987,10825,5,325.15
10987,8450,2,233.01
10987,9576,1,240.65
10988,19575,7,62.96
10988,1602,9,296.14
10988,5843,3,359.09
10988,19144,8,314.67
10989,7099,2,192.74
10989,16834,2,489.76
10990,4529,6,320.43
10990,18430,3,273.53
10990,2862,8,410.29
10990,4868,7,273.32
10990,18568,8,49.01
10991,13066,4,25.65
10991,3720,5,234.17
10991,14455,7,180.24
10991,650,10,177.89
10992,18081,8,36.95
10993,1500,9,270.29
10993,6144,3,168.47
10993,14483,3,92.86
10993,12579,4,29.0
10994,8855,7,356.83
10995,488,3,220.26
10995,1321,5,231.54
10995,5301,3,303.31
10996,12906,1,282.84
10996,17027,7,131.2
10996,10208,1,265.04
10996,18454,3,269.0
10996,9214,10,163.87
10997,18724,5,479.79
10997,3594,8,318.88
10997,517,2,24.18
10997,3618,9,101.61
10998,15478,7,76.41
10998,18162,6,248.04
10998,8731,8,123.76
10998,2348,3,486.87
10998,17007,1,109.07
10999,18612,8,371.76
10999,11949,6,262.9
10999,8397,1,139.31
10999,8039,9,334.0
10999,18853,6,287.95
11000,13240,4,499.11
