order_id,customer_id,order_status_id,ship_address_id,shipper_id,order_date,total_amount
10001,330,2,2388,412,2025-03-03,3831.7000000000003
10002,1118,1,1045,63,2024-12-15,3334.95
10003,3927,4,853,265,2024-06-20,2803.7000000000003
10004,2510,3,1124,215,2025-03-20,4499.74
10005,3791,4,2981,53,2025-02-04,5866.38
10006,4554,2,2793,103,2025-04-28,521.04
10007,1527,4,579,399,2024-08-04,1829.24
10008,3268,3,1648,134,2025-03-13,2884.2300000000005
10009,4502,2,2359,446,2024-10-09,1807.3600000000001
10010,3406,1,974,357,2024-09-24,6416.44
10011,2799,1,2889,97,2024-12-10,4706.04
10012,1880,1,732,21,2025-03-12,2610.0
10013,2700,4,571,341,2025-02-07,802.08
10014,2004,3,1348,155,2024-05-23,4066.2999999999997
10015,975,2,1093,15,2024-06-18,4234.9800000000005
10016,3052,3,850,134,2024-09-09,1861.13
10017,1400,1,2324,210,2025-03-22,4524.43
10018,1907,2,2609,269,2025-04-06,1754.41
10019,1644,4,226,347,2025-02-19,6521.6100000000015
10020,1955,4,2053,495,2024-11-02,10108.150000000001
10021,3217,1,240,7,2025-01-22,5962.17
10022,3989,4,1287,138,2025-05-13,5389.11
10023,1829,1,324,398,2024-07-30,4219.53
10024,155,1,1274,103,2025-04-25,1363.52
10025,3697,4,544,257,2025-03-24,7025.150000000001
10026,197,3,2110,323,2024-11-13,5880.880000000001
10027,1294,3,1790,258,2024-06-28,52.56
10028,3978,1,2890,195,2024-09-18,380.56
10029,3188,4,277,65,2024-08-20,1306.96
10030,26,3,514,195,2025-01-07,3090.5
10031,3432,3,2239,469,2024-12-12,4795.01
10032,557,4,2007,358,2024-06-25,6848.69
10033,2160,3,1983,74,2024-06-11,2092.14
10034,393,2,2455,115,2024-06-23,281.25
10035,4369,2,2864,456,2025-03-26,971.2
10036,2450,2,1623,370,2024-12-06,4810.8099999999995
10037,4985,3,631,338,2024-07-03,5085.32
10038,1503,1,667,227,2024-07-27,477.66
10039,1737,1,98,121,2025-04-20,6437.700000000001
10040,3606,2,2104,463,2024-09-02,4564.8
10041,3376,1,638,162,2024-09-02,1594.8500000000001
10042,4201,1,2487,192,2024-10-05,9091.060000000001
10043,1941,3,1220,164,2025-01-12,6150.16
10044,461,1,994,441,2024-10-04,8354.06
10045,3514,1,2834,69,2025-04-24,8461.74
10046,4342,4,1719,174,2025-03-16,878.8
10047,1488,3,2668,102,2024-12-01,660.43
10048,18,1,2198,59,2024-11-03,9107.130000000001
10049,3130,4,184,455,2025-02-13,7078.92
10050,887,2,1579,130,2025-01-06,2914.36
10051,65,1,1164,290,2024-11-16,10593.869999999999
10052,2227,2,1730,45,2025-02-08,1841.45
10053,3076,3,1227,309,2024-06-13,5392.82
10054,756,1,1808,274,2024-09-06,2561.12
10055,2253,1,1153,378,2025-04-07,8921.27
10056,4488,3,1793,128,2024-12-10,2892.69
10057,2567,3,130,250,2025-04-25,1325.52
10058,2321,3,1576,383,2024-12-07,2450.3300000000004
10059,3246,2,400,183,2025-04-21,218.03
10060,1515,2,139,463,2024-07-31,7247.85
10061,3903,3,1421,454,2024-06-15,7863.83
10062,4471,4,1963,433,2024-07-10,2143.8199999999997
10063,329,1,2785,81,2025-05-07,6423.450000000001
10064,1251,3,2898,199,2025-05-11,7694.47
10065,200,2,430,350,2025-01-07,6480.1900000000005
10066,4343,1,1869,187,2024-11-13,87.78
10067,3992,3,1811,325,2025-04-25,3701.4700000000003
10068,4033,1,2480,149,2024-10-08,659.52
10069,811,3,1733,326,2025-03-07,5911.639999999999
10070,2177,4,948,28,2024-12-01,7218.18
10071,1168,1,1807,79,2024-07-17,6001.960000000001
10072,2065,4,1795,26,2024-11-03,9279.81
10073,463,3,2960,339,2024-06-13,3200.5099999999993
10074,568,4,1996,52,2025-05-09,250.65
10075,1270,4,2782,348,2024-10-22,2897.67
10076,4444,2,2328,380,2025-03-31,2190.4799999999996
10077,2433,4,637,165,2024-11-07,4695.98
10078,3831,2,1942,224,2025-04-02,417.08
10079,3540,2,2226,283,2024-11-29,291.0
10080,25,3,2454,282,2024-09-29,6370.6
10081,1253,4,1204,294,2024-12-25,2893.37
10082,3524,1,2616,279,2024-12-20,2971.5599999999995
10083,1738,1,1550,42,2025-05-10,2131.63
10084,2223,2,1810,161,2025-02-06,4922.99
10085,4158,1,1486,116,2024-11-18,987.48
10086,3475,4,746,223,2025-01-14,1973.0500000000002
10087,1779,4,2539,461,2024-09-26,4924.86
10088,1081,4,2989,457,2024-08-24,109.59
10089,2697,3,1104,68,2025-01-10,7696.09
10090,4527,4,1370,304,2025-04-11,7911.820000000001
10091,1470,4,942,285,2024-07-28,7909.48
10092,2378,3,398,145,2025-02-01,4101.11
10093,2059,1,1621,51,2025-03-12,7451.919999999999
10094,1430,4,2251,499,2024-11-15,3245.8
10095,1669,3,1477,231,2024-08-16,4627.3
10096,3035,3,837,37,2024-08-20,6021.05
10097,2754,2,78,130,2024-09-26,4317.58
10098,3760,1,2264,365,2024-07-29,4947.1900000000005
10099,2935,4,508,493,2024-12-28,5910.879999999999
10100,1410,1,1001,103,2025-03-19,2630.02
10101,1084,4,2860,310,2025-03-04,2839.54
10102,348,4,2630,68,2024-08-27,7918.59
10103,3729,1,601,348,2024-11-09,4327.32
10104,1102,3,2423,430,2024-07-22,2085.52
10105,2032,2,1857,11,2025-04-12,4637.96
10106,3424,2,2076,15,2024-09-27,2492.0099999999998
10107,1976,3,875,43,2025-04-18,3360.12
10108,4312,3,2796,193,2024-05-26,4953.69
10109,1592,4,556,294,2024-09-07,1997.4
10110,4113,1,1515,340,2024-10-07,1783.34
10111,2633,1,873,294,2024-10-07,2866.77
10112,4536,3,1487,295,2024-09-06,13040.689999999999
10113,3067,3,845,328,2025-01-26,2665.09
10114,3854,4,93,473,2025-05-10,8257.59
10115,3496,3,1199,368,2024-06-25,522.74
10116,3013,4,1228,415,2025-04-19,930.78
10117,913,1,1642,388,2025-02-12,2272.0
10118,4043,3,2852,450,2024-09-21,3220.64
10119,4128,2,2604,374,2024-05-21,7020.65
10120,4801,3,1348,146,2024-11-10,4980.08
10121,1520,2,1766,160,2024-09-02,3505.7
10122,617,1,1543,18,2025-02-21,5407.800000000001
10123,256,1,265,257,2024-07-05,242.39999999999998
10124,3864,1,454,165,2024-07-24,2952.98
10125,4795,3,948,311,2024-09-01,4558.37
10126,1349,3,887,396,2025-02-15,1366.09
10127,2118,1,1608,461,2024-06-13,5398.24
10128,3937,2,2523,115,2024-12-15,742.2
10129,1134,1,1235,355,2024-09-06,8202.48
10130,4610,3,1456,148,2025-03-23,1477.2399999999998
10131,2150,2,472,171,2024-11-29,378.24
10132,2630,1,52,58,2024-08-25,8829.61
10133,4222,2,2647,354,2024-06-20,4377.0599999999995
10134,4444,1,775,459,2024-08-18,5385.35
10135,2895,3,1692,395,2025-04-02,6168.24
10136,3798,4,2124,433,2024-08-10,6282.4400000000005
10137,3648,4,267,488,2024-08-03,2450.48
10138,1860,3,2038,1,2024-11-21,2842.55
10139,4329,1,534,172,2024-12-07,3113.73
10140,1094,4,2762,348,2025-04-28,3893.06
10141,413,1,26,117,2024-05-28,3527.1
10142,1046,2,2042,466,2024-08-18,2762.76
10143,2396,3,1831,494,2024-11-18,3915.95
10144,4873,1,886,306,2024-12-29,3420.69
10145,4364,1,2116,97,2024-11-22,6871.370000000001
10146,2518,4,378,137,2024-11-09,11132.609999999999
10147,2135,4,171,328,2025-04-29,5740.15
10148,2010,2,2293,64,2024-05-27,3588.32
10149,2050,3,95,18,2025-02-17,7544.67
10150,4376,2,2755,417,2024-11-28,5536.42
10151,4152,1,2516,142,2025-02-13,5746.290000000001
10152,766,2,190,98,2024-12-13,5771.88
10153,1545,1,1460,469,2024-10-16,278.28
10154,745,2,1642,273,2024-12-10,3139.5700000000006
10155,1709,2,1841,66,2025-02-21,5448.93
10156,4862,1,950,60,2024-05-19,3411.9799999999996
10157,1796,2,451,160,2024-07-26,6446.14
10158,472,1,2076,159,2025-03-09,2603.5099999999998
10159,52,3,478,475,2024-12-28,2824.6
10160,3946,1,1588,415,2024-05-27,2495.77
10161,3387,2,250,39,2024-08-12,225.36
10162,812,3,2441,172,2025-02-10,7645.19
10163,3060,2,2342,458,2025-04-28,11648.61
10164,1933,4,311,447,2024-12-29,5080.099999999999
10165,2978,2,1819,296,2024-11-09,9078.560000000001
10166,4204,2,1232,168,2024-08-28,5986.850000000001
10167,3727,2,2297,359,2024-06-10,6568.16
10168,659,4,1574,55,2024-07-11,488.7
10169,4906,1,1979,462,2025-05-15,2955.99
10170,3304,4,873,483,2024-11-04,2072.2
10171,1828,1,337,63,2024-11-13,6101.68
10172,538,3,1814,241,2024-07-10,2926.56
10173,2907,4,2966,490,2024-05-25,3901.2999999999997
10174,61,3,149,465,2024-10-19,8279.250000000002
10175,958,2,1469,346,2024-11-15,4701.83
10176,4147,2,1382,474,2024-12-07,1436.85
10177,2754,1,2836,453,2025-02-25,1580.09
10178,2659,2,1535,292,2024-11-09,3489.36
10179,2359,2,2538,438,2024-06-05,8089.15
10180,2217,4,2603,435,2024-09-12,395.32
10181,638,1,1331,309,2025-05-01,3326.48
10182,1891,1,817,232,2024-09-26,7905.179999999999
10183,462,4,1223,79,2025-04-02,5593.17
10184,2037,1,1211,422,2024-08-24,6099.88
10185,3908,4,2381,418,2024-10-01,7103.25
10186,2698,2,1319,289,2024-06-19,2218.7400000000002
10187,329,3,197,265,2024-11-07,1983.78
10188,3962,4,1417,276,2025-01-11,2942.59
10189,3089,3,1898,342,2024-12-13,5456.46
10190,2452,4,2668,116,2024-05-18,3692.63
10191,1114,1,2134,464,2024-10-02,4631.120000000001
10192,2235,4,398,212,2025-02-27,5601.49
10193,1957,1,2986,277,2025-03-03,3613.58
10194,4662,1,1290,147,2024-06-27,12985.12
10195,1504,3,1734,499,2025-01-20,6394.57
10196,2758,3,2551,19,2024-07-08,4917.32
10197,4413,1,973,299,2024-08-14,556.54
10198,1700,4,701,140,2024-11-09,5540.26
10199,1589,3,1962,55,2025-05-18,6176.32
10200,658,1,2028,475,2024-12-10,2939.2
10201,3501,2,91,171,2024-11-01,3799.8300000000004
10202,4019,2,2337,13,2025-04-05,1805.7900000000002
10203,3907,4,161,397,2024-11-29,1073.3700000000001
10204,3986,4,764,42,2025-03-08,233.8
10205,3429,4,1858,11,2024-07-18,2714.2999999999997
10206,96,4,1429,472,2025-01-27,2992.3
10207,2393,2,1165,179,2024-10-02,2000.67
10208,72,2,2147,379,2025-02-11,5536.62
10209,4309,1,1660,20,2024-11-15,9131.09
10210,2514,4,2215,201,2024-11-30,1253.5299999999997
10211,4654,1,1283,182,2024-07-13,765.86
10212,3026,3,2533,347,2024-09-05,1963.1399999999999
10213,1615,2,2154,219,2025-01-10,604.72
10214,4582,2,2944,287,2024-05-23,1490.45
10215,1217,4,2499,489,2024-08-29,3573.14
10216,440,1,2770,238,2024-09-19,3459.46
10217,1463,2,1251,213,2024-07-27,9844.56
10218,1515,2,2764,444,2024-11-02,8038.08
10219,151,3,2154,344,2024-07-11,3040.4099999999994
10220,4607,4,2569,438,2025-04-16,4288.36
10221,4480,3,1080,334,2025-03-31,1836.84
10222,1671,2,2380,67,2024-09-24,563.41
10223,2675,1,1205,219,2024-12-11,999.64
10224,2859,1,1068,305,2025-03-05,7254.380000000001
10225,3839,1,1789,355,2024-09-17,5735.58
10226,2575,1,1784,327,2024-09-04,673.05
10227,2243,3,1925,366,2024-05-28,1071.3600000000001
10228,560,1,2811,283,2024-07-18,1939.76
10229,3765,1,2509,5,2024-06-10,1331.16
10230,1413,3,4,288,2025-01-03,9766.349999999999
10231,644,2,989,120,2025-04-28,1509.1
10232,3368,4,1952,147,2025-02-26,6213.53
10233,355,4,156,34,2024-11-01,7373.68
10234,2455,3,2927,415,2025-03-16,6679.0599999999995
10235,1068,3,1675,252,2024-07-05,320.75
10236,1850,4,2325,128,2025-03-10,3757.47
10237,2805,4,673,434,2025-04-22,5368.65
10238,3097,3,1312,419,2025-01-09,4926.41
10239,2525,2,1249,153,2024-09-12,6692.83
10240,386,4,1252,305,2024-06-23,6063.84
10241,2330,4,393,315,2025-03-03,7619.499999999999
10242,1713,3,360,20,2025-03-16,3562.32
10243,3594,4,2146,34,2024-08-10,4711.150000000001
10244,4338,4,1212,395,2024-09-27,3100.0499999999997
10245,2816,4,1156,137,2025-03-14,5210.41
10246,2029,4,2772,455,2024-06-22,1180.9699999999998
10247,4917,4,179,17,2025-01-07,2534.2200000000003
10248,446,2,1995,409,2025-01-24,2434.0
10249,3555,3,1143,278,2024-11-14,4244.219999999999
10250,3141,4,1185,310,2024-07-12,7099.1
10251,3592,3,23,425,2024-11-03,1323.0
10252,3854,1,1018,151,2025-01-10,5720.75
10253,2732,2,2903,447,2025-01-03,1466.27
10254,4456,3,944,292,2024-10-24,9874.990000000002
10255,4497,3,2029,329,2024-12-08,2984.67
10256,1907,1,2783,375,2024-12-23,891.8000000000001
10257,1825,4,1099,292,2025-02-21,4708.9400000000005
10258,3237,1,1566,164,2024-11-23,488.85
10259,472,1,2189,1,2024-06-20,6667.28
10260,741,2,2212,470,2025-01-24,6256.34
10261,4589,2,2790,215,2024-12-04,1159.68
10262,2289,2,2375,225,2025-02-16,1408.23
10263,891,4,1214,304,2024-10-31,8004.030000000001
10264,1067,2,1862,491,2024-05-18,3973.68
10265,2153,2,2397,59,2025-02-19,645.9200000000001
10266,614,2,521,298,2024-06-17,714.0899999999999
10267,3848,1,2867,319,2024-06-14,6602.47
10268,3157,1,2815,84,2024-08-25,1033.6599999999999
10269,1947,3,2001,441,2025-04-03,5058.4800000000005
10270,3200,4,2711,3,2024-09-28,217.5
10271,2463,3,219,11,2024-12-09,3711.44
10272,4353,4,161,311,2024-11-02,2195.6
10273,1903,2,1700,218,2024-06-30,1856.24
10274,4895,3,1242,197,2025-04-15,1943.7800000000002
10275,404,1,2443,123,2024-12-10,2499.6
10276,216,1,2588,184,2025-01-03,3447.3
10277,2423,2,2319,157,2025-01-13,7321.340000000001
10278,132,2,1202,27,2025-02-18,3190.3
10279,3637,4,1922,135,2025-01-12,6234.99
10280,1166,1,2064,232,2024-06-24,4845.17
10281,2240,3,1368,211,2024-09-30,1485.26
10282,962,1,2921,245,2024-07-30,2524.13
10283,2950,2,1009,69,2024-11-03,2202.1299999999997
10284,1314,3,16,299,2024-12-20,7922.280000000001
10285,1012,3,2607,104,2025-03-10,2427.42
10286,2480,4,588,211,2024-08-22,4162.46
10287,1742,2,1210,124,2024-09-25,4870.59
10288,2272,3,253,182,2024-10-18,5299.41
10289,1341,1,2182,359,2024-07-29,361.17
10290,4455,1,969,196,2025-05-04,4363.2
10291,984,3,281,231,2024-09-22,7679.6799999999985
10292,850,2,502,411,2024-09-23,4632.41
10293,94,2,1332,391,2024-05-20,3214.9
10294,4841,4,52,290,2024-08-15,337.36
10295,3044,2,120,409,2025-04-19,3872.21
10296,805,3,2232,486,2025-03-11,1024.88
10297,2360,4,731,311,2025-03-17,9069.230000000001
10298,1488,2,977,342,2024-10-01,5901.5199999999995
10299,1402,2,2103,138,2024-07-26,2501.36
10300,3003,1,835,285,2024-10-30,1431.06
10301,2235,4,2759,37,2025-04-27,1005.36
10302,1174,3,2982,82,2024-12-04,2815.78
10303,3800,1,2099,298,2025-04-08,1191.81
10304,2939,3,2281,150,2024-07-18,6235.32
10305,3886,1,895,419,2024-06-18,3240.2200000000003
10306,4031,2,1875,393,2024-06-04,6092.9
10307,2113,2,2903,355,2025-03-22,12743.570000000002
10308,2816,2,2648,267,2024-06-23,2432.33
10309,846,4,1773,160,2024-11-01,6171.85
10310,1234,3,2337,208,2024-10-14,4564.42
10311,1731,1,859,233,2024-07-26,11409.82
10312,3402,1,1092,227,2024-10-02,4730.5599999999995
10313,1267,3,950,236,2024-09-27,259.16
10314,2458,2,17,216,2024-07-08,5842.739999999999
10315,52,2,1708,465,2025-03-15,4418.85
10316,793,4,2673,115,2025-02-20,10196.32
10317,2034,4,294,237,2024-10-05,8892.32
10318,2371,3,2476,198,2025-03-05,6846.54
10319,2149,1,698,155,2025-02-19,3002.73
10320,1173,1,270,48,2024-05-18,6758.099999999999
10321,4894,3,1327,165,2025-02-15,9333.32
10322,325,4,1587,41,2024-11-27,3346.0200000000004
10323,1930,2,854,448,2024-07-18,2035.9100000000003
10324,911,3,734,406,2024-09-23,7283.02
10325,3588,2,99,337,2024-08-24,2646.7200000000003
10326,3479,4,938,78,2025-02-07,4723.52
10327,2377,4,2181,452,2025-05-10,2904.48
10328,1505,2,733,400,2024-11-26,1954.84
10329,3601,2,1077,448,2025-05-15,3692.1
10330,414,1,19,258,2025-01-03,4873.06
10331,2142,1,382,147,2025-02-27,3217.38
10332,4540,4,1927,365,2025-04-26,5261.09
10333,2245,2,2422,269,2024-09-13,3774.85
10334,1672,2,1908,172,2024-11-15,3366.47
10335,538,3,2390,100,2025-01-07,10840.720000000001
10336,1074,4,2746,64,2024-09-18,1136.54
10337,539,3,2760,245,2024-12-22,3534.5199999999995
10338,3863,4,2927,123,2024-06-11,10741.509999999998
10339,334,3,1752,327,2024-11-15,972.3
10340,3233,1,821,107,2024-05-24,5084.58
10341,1303,1,322,483,2025-01-20,6717.68
10342,2659,1,2252,418,2024-07-31,1863.12
10343,2144,1,1783,202,2024-05-18,6003.58
10344,2449,4,1170,240,2024-12-11,3742.6200000000003
10345,441,4,2655,131,2024-05-18,3021.9500000000003
10346,4351,2,2331,432,2024-12-11,8967.67
10347,4703,2,211,23,2025-05-12,440.94
10348,358,2,1298,162,2024-10-09,1787.73
10349,3708,1,2817,448,2024-10-26,2155.95
10350,3655,2,2992,421,2025-04-24,6208.21
10351,3753,4,2034,161,2024-08-05,361.68
10352,2502,1,1006,38,2024-06-26,4099.599999999999
10353,3154,3,2275,56,2025-03-20,7143.4000000000015
10354,3973,1,935,417,2025-05-13,3747.35
10355,1837,4,346,159,2025-05-03,2629.84
10356,4773,3,2085,387,2025-04-25,2207.1
10357,2594,2,2270,11,2025-01-02,2332.8399999999997
10358,1041,1,2280,480,2025-01-17,3698.5699999999997
10359,897,1,2450,287,2024-07-16,5377.18
10360,2625,2,2374,231,2024-12-11,3239.4300000000003
10361,2016,1,506,269,2025-01-03,8962.26
10362,1213,3,2767,65,2024-11-20,2751.6
10363,1043,2,2900,439,2024-07-29,4928.93
10364,1060,2,303,280,2024-12-12,7184.99
10365,3933,4,569,415,2024-07-29,5644.5
10366,1269,3,1934,279,2025-04-24,2463.65
10367,174,4,358,15,2025-01-06,4512.7
10368,781,2,899,102,2025-04-13,6229.34
10369,3133,2,1231,85,2025-02-09,7757.3099999999995
10370,1173,2,440,155,2024-10-09,8570.7
10371,3100,1,237,134,2024-09-11,4928.789999999999
10372,1728,2,94,24,2024-08-11,6565.69
10373,2418,3,675,478,2024-07-10,1976.92
10374,274,4,2024,112,2024-11-01,3321.74
10375,137,3,2875,482,2025-05-13,4324.41
10376,3923,1,1987,332,2024-07-03,236.1
10377,4995,1,2588,46,2024-12-30,1074.96
10378,4442,4,711,177,2024-11-13,1992.08
10379,4378,1,2361,436,2024-07-04,4930.96
10380,1120,2,364,116,2024-12-03,97.54
10381,967,1,2808,354,2025-04-23,3522.64
10382,1991,3,1806,179,2024-09-15,5682.06
10383,2290,4,1544,141,2025-03-16,2207.25
10384,2829,1,2275,18,2025-02-07,1050.84
10385,248,4,170,203,2024-06-30,4274.75
10386,3918,4,1600,245,2024-06-22,3698.1400000000003
10387,1375,2,290,229,2024-07-11,2178.32
10388,259,3,2222,390,2025-05-06,684.16
10389,4030,2,727,64,2025-01-24,5397.259999999999
10390,4723,4,1346,116,2024-05-30,3079.17
10391,1746,1,211,315,2024-07-18,3323.33
10392,1902,3,182,488,2024-06-25,4065.2999999999997
10393,139,3,115,402,2024-07-24,2432.35
10394,2306,2,911,478,2024-07-10,4914.0599999999995
10395,4758,1,748,266,2024-07-02,3113.73
10396,1111,1,2565,279,2025-04-24,3327.2
10397,655,2,1418,458,2024-08-02,2480.96
10398,3492,2,1100,457,2025-02-28,2506.9
10399,2530,3,2025,14,2024-08-03,2418.76
10400,27,2,1094,123,2024-05-23,5252.9
10401,2732,1,478,368,2025-01-19,5124.8099999999995
10402,195,2,1753,347,2025-02-06,5068.65
10403,2747,4,1986,286,2024-08-07,7171.91
10404,2178,1,2506,167,2024-10-20,4603.64
10405,3316,1,1795,447,2025-04-23,6751.87
10406,4134,3,2265,110,2025-01-30,5478.15
10407,3205,2,1610,115,2025-05-09,6504.46
10408,2722,4,39,20,2025-01-25,4534.11
10409,803,2,631,162,2024-08-09,3374.59
10410,1319,1,1043,408,2024-11-14,5187.91
10411,2135,1,1334,285,2025-02-25,910.04
10412,2400,2,2098,474,2024-05-19,4374.219999999999
10413,3715,3,2156,145,2024-09-24,6040.51
10414,4905,2,768,353,2025-03-19,2530.57
10415,4535,1,1409,136,2024-06-12,4036.1499999999996
10416,3904,1,775,171,2025-04-06,1347.6100000000001
10417,3125,2,1749,286,2025-02-16,6312.7300000000005
10418,2024,4,570,374,2024-09-24,3177.6299999999997
10419,874,1,505,365,2024-06-08,3305.75
10420,1484,3,615,228,2024-06-11,2975.4
10421,1671,1,1155,441,2025-04-21,5329.86
10422,3040,3,2270,345,2024-12-11,5021.55
10423,3858,1,1494,253,2025-02-28,4163.9800000000005
10424,1611,1,1036,175,2025-05-07,109.67
10425,491,2,1621,98,2024-08-10,5710.9400000000005
10426,4112,4,2096,236,2024-07-07,4696.04
10427,4730,4,2720,282,2025-04-08,4620.4
10428,3271,1,1490,351,2025-02-20,2310.84
10429,3069,3,2308,161,2024-06-17,8821.369999999999
10430,4880,3,70,391,2024-11-28,8712.84
10431,2781,1,1074,31,2025-05-16,925.72
10432,1553,3,78,336,2024-12-31,3565.53
10433,4619,3,1273,307,2024-09-09,1087.34
10434,2262,3,2393,478,2024-11-17,2389.3199999999997
10435,253,2,1731,197,2024-10-09,11392.75
10436,669,2,2085,134,2024-10-27,1019.47
10437,2319,3,2728,79,2024-06-15,13315.63
10438,2330,2,2783,378,2024-09-09,1187.94
10439,4836,1,1745,65,2025-01-27,1699.35
10440,4401,3,2626,338,2024-12-16,12146.3
10441,4211,2,904,280,2024-12-18,1353.71
10442,323,4,2025,194,2024-05-27,10718.95
10443,3416,3,2209,79,2025-01-31,11497.630000000001
10444,2845,3,1111,481,2025-02-24,5654.82
10445,2001,4,1605,408,2024-10-07,5360.35
10446,4226,1,2861,482,2025-04-27,7452.389999999999
10447,3592,2,1305,258,2025-02-01,5668.5
10448,3995,2,940,419,2025-04-21,463.68
10449,4704,1,2283,225,2024-06-07,9518.16
10450,2127,2,1879,301,2025-01-04,4255.1
10451,2685,2,1339,408,2024-07-20,1730.65
10452,1062,4,1473,387,2024-06-12,900.75
10453,4788,1,2442,487,2024-10-18,3777.0200000000004
10454,4033,2,1771,79,2024-08-07,1241.3
10455,3881,1,564,396,2024-12-28,5911.66
10456,3050,1,2804,89,2025-02-18,4667.95
10457,1250,3,1402,102,2025-05-14,3848.3599999999997
10458,190,2,675,64,2024-11-23,5166.13
10459,1760,1,1792,221,2024-11-09,642.2
10460,1478,2,670,339,2024-08-16,1724.09
10461,2160,1,726,69,2024-08-31,4869.08
10462,2644,4,403,422,2025-04-03,989.92
10463,2146,2,2125,185,2025-03-05,10796.33
10464,1517,3,2087,284,2025-05-06,10990.66
10465,2047,3,473,123,2025-02-08,5172.66
10466,2543,4,530,411,2025-02-12,4678.12
10467,3918,2,657,448,2024-07-30,1286.12
10468,4756,4,559,307,2025-02-07,2417.13
10469,1995,3,1956,299,2024-11-11,12919.19
10470,3005,4,868,115,2024-08-21,6442.58
10471,4821,4,1800,266,2024-11-24,1061.1499999999999
10472,131,2,1326,11,2024-07-01,934.38
10473,514,3,1687,157,2024-09-25,7399.98
10474,3073,1,470,45,2024-09-07,1347.03
10475,3157,2,205,465,2025-02-21,8713.029999999999
10476,3377,2,1972,182,2024-08-21,4304.96
10477,2714,4,570,457,2024-09-13,4478.889999999999
10478,4141,2,2377,253,2024-06-10,2142.69
10479,665,2,341,318,2025-04-23,8436.41
10480,768,4,865,256,2024-07-09,2278.74
10481,1319,2,821,260,2024-12-31,332.8
10482,2711,4,1357,3,2024-10-02,5304.48
10483,702,2,1642,56,2024-09-19,5317.83
10484,4417,4,2540,316,2024-10-20,1087.22
10485,817,2,440,482,2025-03-02,8553.45
10486,947,3,2980,363,2025-01-25,2141.51
10487,4316,1,87,366,2025-02-19,7737.65
10488,4573,2,2980,226,2025-01-06,4438.71
10489,1235,3,2930,197,2024-08-06,12369.75
10490,4984,2,162,344,2024-08-02,8887.599999999999
10491,4019,2,956,223,2024-07-05,4650.1
10492,1500,3,690,463,2025-04-19,175.92000000000002
10493,878,3,233,334,2025-02-26,5205.66
10494,1425,1,2038,481,2025-01-20,11030.9
10495,4437,3,2852,490,2025-03-22,2834.62
10496,198,4,1909,215,2024-09-17,2000.48
10497,4783,4,1218,135,2025-01-23,1030.77
10498,4385,2,2638,135,2024-11-06,8827.45
10499,2439,4,1526,159,2024-09-26,1818.22
10500,506,3,2439,110,2025-01-02,3063.49
10501,389,1,144,274,2024-06-22,3067.2
10502,2511,1,1608,242,2025-03-18,1154.4499999999998
10503,685,2,1472,31,2024-08-08,6062.049999999999
10504,118,4,2388,178,2024-08-20,3018.9700000000003
10505,3460,3,2686,367,2024-09-18,7670.24
10506,2975,2,2323,81,2025-04-10,639.12
10507,1361,3,2847,215,2024-10-31,7620.09
10508,2424,2,1935,441,2025-04-10,1974.0
10509,1762,4,49,119,2025-05-04,5678.73
10510,2864,3,777,454,2025-01-30,1002.0
10511,3678,2,638,288,2024-08-24,5089.9
10512,4526,2,2600,434,2024-08-01,613.69
10513,4430,3,1029,288,2024-06-29,1039.23
10514,3037,4,1739,214,2025-03-30,2874.75
10515,4748,3,1564,79,2024-07-11,333.05
10516,3184,4,802,116,2024-11-03,4378.83
10517,4083,3,2609,419,2024-08-17,3017.55
10518,3850,4,621,153,2024-09-30,9426.81
10519,568,3,139,276,2024-07-21,3878.83
10520,116,2,399,6,2025-03-05,1078.17
10521,2755,2,2786,188,2024-09-04,5543.55
10522,4483,1,1,29,2024-09-06,4221.64
10523,2893,2,1136,324,2025-02-24,5030.889999999999
10524,1110,1,269,196,2024-05-20,2223.9300000000003
10525,768,2,2864,96,2025-01-16,1362.99
10526,1735,4,1851,173,2024-08-23,7204.24
10527,1165,3,2349,289,2024-12-14,190.89
10528,3630,1,1770,415,2024-05-27,1907.08
10529,2456,1,1293,185,2025-01-28,5205.099999999999
10530,3241,3,2484,367,2024-12-20,5880.65
10531,4480,1,2534,408,2024-06-20,1653.48
10532,634,4,1614,135,2025-01-09,5043.32
10533,4315,3,1898,138,2025-01-28,4432.3
10534,3703,1,165,26,2025-05-12,6407.249999999999
10535,539,2,1165,292,2024-09-13,6693.58
10536,3791,4,1827,250,2024-08-21,11926.7
10537,2852,3,842,265,2024-05-27,7822.709999999999
10538,1270,3,68,91,2025-02-20,2485.2
10539,1834,2,2337,181,2025-02-24,2147.06
10540,743,2,1984,114,2024-08-03,2050.08
10541,478,2,373,315,2024-07-24,2057.95
10542,1032,2,93,59,2025-03-09,3344.49
10543,2929,2,1177,75,2025-01-06,942.16
10544,3823,1,808,297,2024-08-26,1951.4900000000002
10545,289,3,2501,226,2024-05-26,1410.56
10546,2163,1,4,377,2025-02-01,7823.870000000002
10547,3751,3,2384,325,2024-06-08,1860.72
10548,2617,2,2580,310,2024-06-05,8368.04
10549,4236,4,2478,214,2024-11-19,4470.14
10550,2961,2,1839,209,2024-07-01,4835.449999999999
10551,2743,2,2644,37,2024-09-14,2118.37
10552,3071,1,1545,382,2024-10-13,3462.77
10553,3388,2,2964,93,2024-08-29,2246.7200000000003
10554,4303,1,1765,414,2025-03-25,1485.2
10555,1461,1,2607,166,2025-04-17,3302.72
10556,3421,3,2784,111,2025-02-03,9417.9
10557,3109,4,2443,100,2024-11-18,8138.83
10558,455,4,1025,40,2024-10-24,955.8199999999999
10559,1938,2,6,49,2024-11-02,991.7
10560,3050,3,1872,372,2025-05-09,6065.79
10561,4291,2,1811,463,2024-09-12,3866.2200000000003
10562,2055,2,2602,193,2025-02-19,3673.71
10563,4722,4,132,363,2025-02-24,8076.24
10564,3166,4,1674,337,2024-08-15,3007.3199999999997
10565,2296,4,654,482,2024-11-29,460.16999999999996
10566,3161,1,1863,55,2025-03-25,7969.76
10567,3622,4,1907,352,2024-10-30,2665.04
10568,4894,1,1385,150,2025-04-08,3869.29
10569,3038,4,2148,400,2024-07-03,2236.23
10570,4164,3,2956,97,2024-06-29,3382.98
10571,487,4,1672,32,2025-02-21,8756.85
10572,3733,1,100,169,2024-12-22,8929.98
10573,1418,4,911,432,2025-04-16,3234.89
10574,4128,4,825,59,2024-12-14,6727.59
10575,237,1,2056,181,2024-11-18,8566.79
10576,4935,3,1726,48,2025-01-07,8336.03
10577,1615,2,2799,430,2024-10-22,2294.82
10578,3007,1,1332,140,2024-06-03,1869.6
10579,4909,4,2033,381,2025-02-13,954.3000000000001
10580,3283,2,1510,433,2024-05-29,4415.62
10581,3893,1,776,198,2025-03-16,4289.09
10582,4853,1,2326,122,2024-07-17,5079.76
10583,3123,3,283,221,2024-11-28,7825.34
10584,2274,2,1616,477,2025-03-10,2803.17
10585,1740,1,109,28,2024-12-18,1854.02
10586,4774,3,2908,39,2024-06-25,5224.67
10587,1054,4,1802,319,2025-02-25,2100.7200000000003
10588,848,1,2966,274,2024-12-13,6044.67
10589,1920,2,962,124,2025-04-28,3427.3999999999996
10590,1,4,150,175,2025-03-02,4761.93
10591,1673,1,159,227,2024-05-29,6368.540000000001
10592,4384,3,2210,414,2024-10-01,8900.9
10593,4855,2,1649,447,2024-06-22,364.3
10594,2632,2,292,55,2025-04-19,2550.87
10595,3338,3,806,224,2024-12-24,125.73
10596,2588,2,203,432,2024-08-10,2264.6099999999997
10597,3894,1,1318,276,2025-01-30,3450.7099999999996
10598,253,3,2676,5,2025-03-16,4370.02
10599,26,2,2287,435,2024-12-17,9405.64
10600,3763,3,2377,63,2024-09-15,5168.8
10601,2623,1,1109,159,2024-11-09,2628.3999999999996
10602,3427,3,1586,397,2024-08-25,99.48
10603,3460,1,1293,223,2024-10-20,3781.54
10604,1293,1,1663,135,2024-11-16,2111.51
10605,3459,2,933,78,2025-03-27,827.1
10606,2975,1,2916,279,2024-06-08,2860.2200000000003
10607,178,2,2703,277,2025-01-01,5924.13
10608,2173,4,610,440,2025-01-12,6953.200000000001
10609,3736,3,2806,418,2024-08-28,6440.0199999999995
10610,3675,2,1852,178,2025-04-13,1801.5
10611,3389,1,2924,258,2025-03-30,2500.07
10612,4517,2,1726,328,2025-01-12,2349.7599999999998
10613,905,3,1306,211,2024-06-06,312.67
10614,4576,4,1758,207,2024-07-27,1296.9
10615,2663,4,1480,253,2025-01-08,4278.62
10616,779,3,1977,454,2024-05-26,2634.74
10617,2140,4,1675,383,2024-06-24,8386.53
10618,4632,2,1791,451,2024-06-29,2825.6
10619,477,3,434,130,2024-08-22,3531.12
10620,4158,1,1651,8,2024-10-17,5482.21
10621,93,2,1291,372,2025-01-06,9304.819999999998
10622,3061,3,863,466,2024-12-03,4601.13
10623,3832,1,1181,35,2025-05-12,2320.96
10624,4296,2,1348,214,2024-07-24,6923.780000000001
10625,4808,2,1775,63,2025-04-20,2023.68
10626,2278,2,2941,338,2024-06-10,2493.04
10627,138,4,156,255,2024-11-09,1477.55
10628,167,3,1446,445,2025-03-24,379.61
10629,2128,4,2406,67,2024-07-06,515.0999999999999
10630,4660,1,2919,296,2024-12-30,4772.08
10631,713,3,382,269,2024-06-19,8353.07
10632,938,3,1192,69,2025-03-16,4677.52
10633,3132,2,740,49,2024-08-31,4398.58
10634,859,2,1521,71,2024-06-08,7561.6
10635,4821,1,2110,350,2025-02-02,7327.459999999999
10636,1655,2,2736,185,2025-02-13,6019.610000000001
10637,4846,1,48,242,2025-05-13,6271.139999999999
10638,770,3,1465,280,2025-05-16,4808.9400000000005
10639,4983,3,559,229,2025-02-05,4968.76
10640,3180,3,480,211,2024-12-31,4004.29
10641,3424,4,284,91,2025-03-17,1675.9699999999998
10642,2947,2,557,255,2024-10-19,2775.9700000000003
10643,94,2,399,130,2024-06-06,8342.66
10644,4543,1,2751,39,2024-07-24,6223.04
10645,1092,4,791,256,2024-10-25,6724.62
10646,4368,4,2136,459,2025-01-30,10659.33
10647,545,2,552,40,2024-11-25,2765.87
10648,828,3,913,83,2024-11-29,5140.68
10649,3668,3,1956,390,2024-09-22,13455.449999999999
10650,1841,3,2136,375,2024-06-30,3142.8700000000003
10651,2064,4,2027,465,2024-12-11,11593.9
10652,4239,3,148,316,2024-10-01,4070.25
10653,2724,4,1554,164,2025-01-08,2774.5
10654,1434,1,1106,132,2025-01-09,222.04
10655,3756,2,2543,13,2024-11-09,15611.32
10656,1671,4,1866,39,2025-01-17,2236.02
10657,2234,2,228,77,2025-02-24,11814.28
10658,1597,2,2477,386,2024-10-19,7013.43
10659,2236,3,2976,86,2025-05-10,7543.75
10660,4454,1,2311,195,2025-04-23,6683.58
10661,171,3,2383,355,2025-03-17,1398.16
10662,3458,2,1385,220,2025-04-29,1341.78
10663,3630,2,870,43,2024-09-24,2082.09
10664,3583,4,766,356,2025-02-24,4471.749999999999
10665,1980,2,1286,468,2024-06-09,2264.8999999999996
10666,1961,4,1596,439,2024-09-03,7865.739999999999
10667,3047,2,550,458,2024-09-13,5501.200000000001
10668,144,1,699,74,2024-11-13,3939.37
10669,3279,3,2391,399,2024-12-10,5303.74
10670,3713,2,1060,65,2025-03-06,8463.43
10671,2960,3,884,246,2024-12-02,6584.870000000001
10672,1527,4,453,19,2024-10-17,1101.87
10673,486,1,1988,26,2025-01-30,11175.88
10674,4062,2,778,467,2025-04-03,8694.73
10675,904,4,813,232,2025-02-06,1839.2199999999998
10676,4693,3,2027,484,2024-07-21,3247.6
10677,3702,2,2069,344,2025-04-10,3057.8
10678,2395,4,1510,107,2024-12-03,3310.26
10679,662,4,2732,409,2024-10-04,5324.46
10680,1738,2,592,348,2024-11-09,776.48
10681,201,3,239,191,2024-12-10,7300.21
10682,184,4,846,287,2024-08-18,8860.960000000001
10683,1879,3,2456,448,2024-12-04,415.36
10684,539,3,2031,339,2024-05-18,2836.99
10685,135,1,1182,375,2024-09-03,8171.619999999999
10686,3323,1,1089,161,2024-06-12,6737.789999999999
10687,1141,4,1216,257,2024-07-29,3830.46
10688,623,4,2258,332,2025-01-20,5924.47
10689,324,4,817,315,2024-07-26,2923.6400000000003
10690,3632,1,2653,253,2024-08-22,2101.0099999999998
10691,2422,4,1712,446,2024-10-13,2401.8
10692,187,1,2008,47,2025-01-21,5806.589999999999
10693,1231,1,862,172,2025-03-13,283.17
10694,1407,3,1345,217,2024-06-14,2139.48
10695,2496,2,1901,1,2024-06-16,185.65
10696,387,1,1466,162,2024-06-24,7662.9400000000005
10697,1592,3,1649,40,2025-04-03,517.38
10698,586,2,2305,44,2024-11-03,2313.5699999999997
10699,3010,1,1217,380,2024-06-11,1590.4
10700,665,4,511,433,2025-03-30,11745.93
10701,4921,3,606,208,2025-02-17,8160.01
10702,4476,1,1914,405,2025-02-07,6497.19
10703,1581,1,2015,308,2024-10-20,5881.22
10704,2045,2,1297,396,2024-05-28,3276.8
10705,4111,1,254,242,2024-07-12,3338.97
10706,184,4,2321,470,2024-11-25,2368.78
10707,2032,2,2000,58,2024-09-07,6975.780000000001
10708,2660,2,1952,320,2025-01-31,2688.59
10709,4737,1,337,244,2025-01-20,2964.29
10710,4646,2,2183,386,2025-02-18,2437.6800000000003
10711,196,1,1355,361,2024-06-23,6581.21
10712,3054,1,581,321,2025-03-21,3943.19
10713,3070,4,1664,197,2024-10-21,4651.26
10714,1957,4,2621,81,2025-04-11,7724.579999999999
10715,58,4,1022,236,2024-07-25,158.02
10716,3347,4,2307,464,2025-01-22,13763.489999999998
10717,2275,1,512,235,2024-08-13,4297.6900000000005
10718,2104,1,2741,324,2025-02-11,7171.4
10719,361,1,2587,189,2025-01-15,3983.4
10720,567,3,2462,18,2025-01-23,2436.1400000000003
10721,4792,3,2765,136,2024-09-23,7953.710000000001
10722,3537,2,283,420,2025-04-03,3482.13
10723,1504,3,385,373,2024-06-06,1788.4
10724,3201,1,875,260,2025-04-11,4314.42
10725,2880,4,1929,440,2024-10-03,3141.2699999999995
10726,146,2,2672,447,2024-11-17,952.9000000000001
10727,3844,4,133,396,2025-04-14,407.43
10728,3392,4,2935,356,2024-06-20,4588.74
10729,2713,3,1555,24,2024-10-18,736.2
10730,3502,2,119,438,2024-06-04,268.13
10731,3986,1,1661,351,2025-05-02,7434.22
10732,4643,4,626,465,2024-06-09,2469.8199999999997
10733,4717,2,771,376,2024-12-05,7428.719999999999
10734,544,4,1047,488,2024-06-08,4803.48
10735,869,3,1824,495,2024-10-24,467.3
10736,2820,2,2293,374,2025-04-23,410.90000000000003
10737,4944,1,1963,457,2025-03-20,7083.41
10738,1842,1,940,40,2024-08-11,1716.18
10739,4706,1,2700,434,2025-01-16,692.72
10740,2498,2,2522,83,2025-01-11,3569.37
10741,3924,3,1932,406,2024-10-16,6623.0
10742,3900,4,1158,134,2024-07-07,5720.4
10743,1248,4,2442,407,2024-12-03,3611.4
10744,1773,2,1481,81,2024-10-21,3388.6000000000004
10745,4984,4,2175,234,2024-08-11,2022.2400000000002
10746,1573,2,16,340,2024-10-04,988.66
10747,3868,2,2093,348,2025-05-10,1114.72
10748,4080,4,1170,492,2024-09-06,214.68
10749,2167,3,1650,443,2024-05-22,174.3
10750,2043,2,1538,131,2024-09-12,2613.89
10751,3736,4,59,392,2024-12-30,3413.4
10752,4555,1,1096,200,2024-06-21,4837.46
10753,2654,1,1252,357,2024-12-13,3649.5699999999997
10754,830,2,1757,429,2025-02-13,3917.38
10755,4234,3,1347,464,2024-12-26,5429.43
10756,843,4,1783,398,2024-07-22,3391.9
10757,1267,2,2068,452,2025-01-17,4505.78
10758,2059,3,2436,80,2024-10-11,625.4
10759,2385,4,1071,416,2025-04-11,10036.090000000002
10760,4479,4,1561,265,2025-02-14,1037.82
10761,1137,3,1542,249,2024-08-25,7627.119999999999
10762,3670,2,264,258,2025-01-31,3169.63
10763,2261,4,1304,216,2024-10-26,3368.8199999999997
10764,3277,1,635,102,2025-02-28,1975.8000000000002
10765,1221,4,284,324,2024-12-24,915.43
10766,4501,2,10,49,2024-10-17,7468.77
10767,3737,3,1781,404,2024-11-22,3638.3199999999997
10768,3950,3,2848,444,2025-01-14,1570.34
10769,1069,3,1123,431,2024-08-01,3012.11
10770,1384,1,34,135,2024-11-13,942.69
10771,682,3,311,284,2024-12-31,938.76
10772,4689,4,923,262,2024-12-27,1730.42
10773,3180,2,1629,380,2024-06-20,3883.77
10774,482,4,1398,445,2024-06-28,3251.43
10775,490,3,2749,64,2024-12-19,5149.41
10776,3092,1,788,254,2024-09-18,417.96
10777,2087,4,778,461,2024-08-03,5221.48
10778,4234,3,2827,470,2024-12-30,2688.42
10779,3069,1,2318,463,2024-08-18,4363.92
10780,4366,4,1619,193,2025-02-18,6123.49
10781,57,3,1282,495,2024-10-23,8329.95
10782,2364,1,2537,11,2024-07-02,1920.9899999999998
10783,400,4,965,419,2024-12-06,3623.5200000000004
10784,4070,2,429,69,2025-03-31,6809.67
10785,3425,3,2866,219,2024-07-20,2945.6800000000003
10786,4779,3,457,311,2024-10-29,3012.1000000000004
10787,2615,1,2500,108,2025-03-20,10091.16
10788,698,4,2415,386,2024-06-30,12016.029999999999
10789,776,4,2278,296,2024-12-12,5268.370000000001
10790,3520,1,585,160,2024-09-27,8997.810000000001
10791,4722,2,1339,346,2024-10-15,68.21
10792,3304,2,1036,70,2024-07-03,1260.4
10793,4943,3,571,228,2024-09-20,9004.01
10794,1173,2,2969,253,2024-05-21,2281.9900000000002
10795,317,2,2530,370,2024-09-15,3004.9900000000002
10796,3099,4,1807,224,2025-01-10,5881.47
10797,293,2,373,15,2025-01-15,2291.67
10798,4457,3,2246,283,2025-02-06,226.01
10799,3499,2,109,364,2024-05-25,274.34999999999997
10800,4163,2,1630,348,2024-11-03,804.26
10801,3237,4,2054,382,2024-06-01,1134.49
10802,1059,3,2844,266,2024-11-10,13488.33
10803,1914,4,2481,31,2024-08-11,314.46
10804,2749,2,2244,314,2024-06-25,1842.1999999999998
10805,4718,1,1729,323,2024-07-31,4507.71
10806,4587,3,1292,160,2024-10-24,8125.84
10807,1897,3,2668,473,2025-01-12,1561.56
10808,3899,3,2134,134,2024-06-30,4277.360000000001
10809,4612,4,933,126,2025-03-06,9635.66
10810,3181,2,2286,407,2024-08-11,1236.67
10811,2358,1,2289,250,2025-03-22,9492.42
10812,3328,4,3000,136,2025-02-08,11370.349999999999
10813,2346,2,131,245,2024-07-23,2623.67
10814,2872,4,1193,467,2024-09-16,3828.3
10815,1053,2,2636,83,2025-03-23,6823.380000000001
10816,3301,1,422,81,2025-05-11,10540.13
10817,2566,1,2345,200,2024-12-24,6101.400000000001
10818,4529,4,1112,209,2025-04-17,6964.73
10819,4702,1,1910,487,2024-10-08,2852.72
10820,1061,2,608,322,2024-05-22,4848.87
10821,2360,3,1106,403,2024-10-27,1436.92
10822,1139,1,1754,276,2024-12-25,1044.8
10823,3589,1,2209,185,2024-11-07,2829.86
10824,2548,3,22,189,2025-04-02,6672.75
10825,2632,1,2879,310,2024-06-25,580.5
10826,3125,4,335,154,2024-08-27,11242.14
10827,1314,1,247,475,2024-09-04,5849.18
10828,3091,1,1930,333,2024-10-17,4494.06
10829,2334,2,1801,259,2024-10-16,4671.74
10830,3654,2,2597,196,2025-03-08,8758.49
10831,3137,2,2601,346,2024-12-17,11134.34
10832,970,2,235,339,2024-11-04,4352.95
10833,1706,3,2315,261,2025-01-02,4483.75
10834,4760,2,96,365,2025-01-03,9036.65
10835,371,3,1201,335,2025-04-12,2613.28
10836,788,3,691,189,2024-07-24,5332.4
10837,3341,4,206,111,2024-08-01,4116.68
10838,666,3,2745,497,2025-03-05,1874.8400000000001
10839,1143,1,521,234,2024-10-29,5370.640000000001
10840,209,2,843,326,2024-09-14,1443.31
10841,2945,3,2454,422,2025-01-02,1334.14
10842,123,3,2707,255,2024-06-09,2717.33
10843,251,4,2364,322,2024-12-16,3129.33
10844,439,4,1606,374,2024-09-21,5151.610000000001
10845,2827,4,1322,420,2024-10-11,4714.73
10846,2415,1,296,180,2024-08-26,3219.32
10847,1795,3,1327,493,2024-08-07,3204.94
10848,2168,3,505,405,2025-03-31,4714.86
10849,1478,3,2012,363,2024-05-29,7866.860000000001
10850,1619,4,839,349,2025-02-11,3488.65
10851,2365,3,371,248,2025-03-29,199.9
10852,2649,2,1907,148,2024-08-11,1720.8300000000002
10853,4104,2,1105,86,2025-04-24,3307.32
10854,1080,3,459,266,2024-07-04,3627.12
10855,3081,3,218,181,2024-05-19,14476.42
10856,4132,4,18,201,2024-08-24,721.48
10857,847,2,1741,193,2024-12-20,3663.89
10858,4231,4,287,69,2025-02-14,141.79
10859,1742,3,2889,27,2024-07-02,3929.06
10860,3350,3,1247,202,2024-07-27,981.54
10861,4640,1,498,18,2025-03-23,3258.5
10862,1774,4,1695,282,2024-12-30,6336.84
10863,581,3,2417,3,2025-02-04,5826.59
10864,2804,3,1469,469,2025-04-10,3458.66
10865,2436,3,2988,164,2024-11-05,1615.64
10866,1233,1,2532,301,2024-05-24,7490.46
10867,429,1,191,346,2024-09-14,1777.6999999999998
10868,4356,4,2630,281,2025-02-26,1400.62
10869,3591,1,686,310,2024-05-28,7708.0
10870,1782,4,2558,159,2024-08-31,5916.33
10871,1830,2,334,336,2024-08-30,6451.8099999999995
10872,2732,1,1943,371,2024-12-30,3706.6000000000004
10873,1459,1,2094,307,2025-01-16,3525.7500000000005
10874,2414,4,2455,293,2024-11-01,7803.81
10875,1226,4,559,473,2025-03-02,2367.33
10876,1273,2,85,434,2024-10-13,3612.4399999999996
10877,1490,4,634,124,2025-05-13,4779.23
10878,2281,2,832,235,2024-05-19,8035.35
10879,4019,1,2578,374,2025-04-25,3910.0899999999997
10880,4665,2,1574,42,2024-08-23,8545.269999999999
10881,2485,1,443,318,2024-08-18,2866.7000000000003
10882,1165,2,1560,84,2025-03-05,3155.5
10883,3755,3,391,484,2024-09-26,5622.96
10884,1544,1,1257,354,2025-04-19,2936.2799999999997
10885,4952,3,2200,376,2025-04-22,2850.49
10886,4887,4,215,203,2024-08-25,3735.3600000000006
10887,488,4,643,82,2024-09-29,435.86
10888,4225,3,332,18,2024-12-14,8832.920000000002
10889,116,2,2877,479,2024-06-08,1351.75
10890,3316,2,2875,87,2024-06-26,3318.14
10891,3296,4,513,331,2024-06-23,4272.639999999999
10892,1139,2,262,280,2025-02-04,6388.38
10893,2091,4,177,261,2024-07-21,9698.97
10894,3004,3,2417,452,2024-12-22,1233.5
10895,4130,4,2627,79,2025-02-04,8196.619999999999
10896,3154,3,179,441,2024-07-07,4264.92
10897,454,3,2450,82,2024-05-20,6550.4400000000005
10898,1635,1,1362,323,2024-10-29,4043.2900000000004
10899,357,3,439,409,2024-06-22,4826.47
10900,1294,3,643,474,2025-04-30,12743.45
10901,1435,4,692,436,2025-03-06,6108.2699999999995
10902,359,4,2149,260,2024-11-14,1668.0900000000001
10903,2150,4,2552,149,2024-08-15,8479.980000000001
10904,1130,1,2492,448,2024-10-18,4813.99
10905,2588,2,128,451,2025-03-02,1047.57
10906,2798,3,52,251,2025-02-04,4548.76
10907,4412,3,1384,77,2024-11-05,6370.360000000001
10908,2640,1,1269,442,2024-08-13,4537.24
10909,3508,1,2339,355,2024-10-13,990.6400000000001
10910,122,3,2750,219,2025-02-03,3481.5
10911,2373,3,76,328,2024-11-27,6004.39
10912,3893,4,99,306,2024-11-11,2049.18
10913,4899,2,1079,248,2025-01-29,3403.8199999999997
10914,4086,3,36,473,2024-08-02,3526.25
10915,4542,1,2915,423,2024-09-04,10.8
10916,4969,3,416,48,2024-12-12,2120.58
10917,3479,3,870,41,2024-12-30,951.9499999999999
10918,2830,1,1114,325,2024-12-17,4007.6800000000003
10919,4855,4,1928,196,2025-01-05,10346.59
10920,1459,3,2833,318,2025-01-27,7657.540000000001
10921,1349,3,1616,226,2024-12-06,2807.89
10922,1730,3,1155,191,2024-10-07,5175.77
10923,1048,2,1428,371,2025-02-17,2921.8199999999997
10924,4198,1,1996,330,2025-03-24,1658.82
10925,2249,1,652,270,2025-04-09,1791.3899999999999
10926,4425,4,1110,478,2024-10-16,4228.51
10927,2983,1,1412,467,2024-11-19,2214.3
10928,1416,2,2412,7,2024-12-07,2932.56
10929,1416,2,323,398,2024-11-21,8752.08
10930,3543,1,844,227,2024-10-21,4591.28
10931,2107,1,1450,331,2024-11-03,3154.2799999999997
10932,2083,4,216,181,2024-11-03,6740.59
10933,23,2,2866,114,2024-09-12,6268.02
10934,1152,2,1521,428,2025-02-13,5219.58
10935,1733,3,1977,340,2024-08-11,743.26
10936,2192,3,2555,176,2024-09-03,3113.37
10937,412,3,1987,403,2025-05-01,4336.32
10938,223,1,2715,105,2024-10-22,7789.41
10939,767,1,2649,362,2024-09-24,8284.41
10940,46,3,1241,373,2024-11-10,8169.499999999999
10941,2778,3,667,457,2025-05-14,1608.8999999999999
10942,4612,3,1542,468,2024-12-05,449.6
10943,1620,2,205,11,2024-08-15,5154.55
10944,945,4,2681,52,2024-10-19,3918.7999999999997
10945,299,1,1917,350,2024-07-10,5044.389999999999
10946,2336,2,1243,44,2024-12-24,3792.7
10947,2403,2,2280,347,2024-08-29,5180.09
10948,2458,3,1017,100,2024-06-04,2457.69
10949,3259,1,525,394,2025-04-05,3183.84
10950,253,2,1631,348,2024-09-06,7644.08
10951,443,4,1531,260,2024-06-16,1923.0700000000002
10952,4787,3,1752,361,2024-12-08,4313.19
10953,2451,1,1131,264,2024-11-24,3928.2
10954,2085,4,2022,237,2024-08-16,4840.969999999999
10955,3175,3,391,418,2024-06-22,3016.26
10956,1933,3,656,369,2024-12-21,2024.2200000000003
10957,55,4,262,111,2024-09-10,385.26
10958,2946,4,1466,302,2025-05-01,2278.17
10959,4196,4,1889,24,2024-10-22,2582.6800000000003
10960,2078,3,1545,211,2024-06-10,4893.069999999999
10961,559,4,955,300,2024-05-22,7501.6
10962,2992,1,1843,173,2024-07-29,836.6100000000001
10963,2977,3,2656,245,2024-10-04,3477.9799999999996
10964,818,2,1426,403,2024-12-11,2897.12
10965,1145,2,2842,429,2025-01-25,2112.3100000000004
10966,853,1,2988,176,2025-03-28,2237.48
10967,2990,2,565,135,2024-10-23,11642.980000000001
10968,1867,3,2530,355,2025-03-27,1254.4
10969,4697,4,1444,28,2024-10-19,6126.67
10970,3178,2,1649,308,2025-04-23,4067.94
10971,238,3,1106,435,2024-12-20,9502.490000000002
10972,4513,3,1034,173,2025-03-12,5092.18
10973,3765,2,1548,18,2025-05-12,6120.37
10974,324,4,163,276,2024-11-10,1299.9
10975,2712,4,2514,246,2025-01-03,187.65
10976,2794,4,2278,499,2024-05-31,8536.48
10977,4527,1,1368,465,2024-06-16,2008.8400000000001
10978,2636,2,1828,18,2024-06-13,4072.5099999999998
10979,1181,3,1194,477,2024-09-28,5892.82
10980,4956,4,2240,496,2024-07-19,2393.1300000000006
10981,1390,4,709,274,2024-06-09,132.49
10982,4141,1,2948,173,2025-05-05,1160.33
10983,4621,3,2938,190,2024-07-29,2818.8700000000003
10984,572,4,65,214,2024-10-18,4222.349999999999
10985,2209,4,2380,238,2024-08-27,535.55
10986,4549,4,584,190,2024-06-10,11097.73
10987,2577,3,2187,214,2024-06-08,7246.02
10988,2338,3,1861,60,2024-05-26,6700.610000000001
10989,825,1,1872,118,2025-02-02,1365.0
10990,3271,2,2130,399,2025-03-15,8330.81
10991,1892,4,1944,389,2024-06-06,4314.03
10992,965,3,389,122,2025-01-25,295.6
10993,3035,4,1211,126,2025-02-06,3332.6
10994,1714,2,2462,38,2025-03-28,2497.81
10995,4859,4,2053,320,2024-05-19,2728.41
10996,346,1,1691,102,2024-09-20,3911.9799999999996
10997,4775,1,660,174,2024-07-12,5912.839999999999
10998,186,3,258,46,2025-04-07,4582.87
10999,1425,4,437,426,2024-12-22,9424.49
11000,2653,3,226,134,2024-06-27,1996.44
